0	1416	11620	9.112860432402691	9.112860432404405	0.1645124072234012	0.164512407223244	1.5720758028692217e-13	10.907236099243164	
0	2451	12649	9.446694590522547	9.446694590451692	0.060900070141436946	0.060900070148480645	7.043698957431843e-12	10.059307098388672	
0	2090	8965	10.662773389255687	10.662773389286466	-1.4259926815762567	-1.4259926815832595	7.002842750125637e-12	4.395220756530762	
0	1609	9364	8.016777304074733	8.016777304119149	0.3222780365592324	0.3222780365554775	3.754885291584742e-12	11.82900619506836	
0	1431	16491	11.449824071849129	11.449824071914888	-1.6917728312484082	-1.6917728312638678	1.545963357330038e-11	4.253636837005615	
0	350	7775	7.555423795533509	7.555423795562948	-1.182697621639461	-1.1826976216479657	8.504752457838549e-12	3.4615073204040527	
0	2221	5158	9.70703585588031	9.707035855932554	0.6855892970868752	0.685589297085183	1.6922019341336636e-12	30.87374496459961	
0	1718	15531	8.537712590968406	8.537712590991253	-1.2019223611620093	-1.201922361167902	5.892619725500481e-12	3.8773903846740723	
0	1831	15555	9.44985999255496	9.449859992582013	-1.7727651651408394	-1.7727651651487775	7.93809462606987e-12	3.40809965133667	
0	898	17121	9.087683036548569	9.087683036532733	-0.43210885983042036	-0.4321088598279248	2.495559314752427e-12	6.345664978027344	
0	2800	16056	10.939826051593672	10.939826051662612	-1.0042372795349355	-1.0042372795475658	1.2630341217345631e-11	5.458348751068115	
0	2226	14633	9.722096883802353	9.722096883809074	0.45437503929711065	0.4543750392967335	3.771427614651657e-13	17.81827735900879	
0	1222	5427	9.90394579528379	9.903945795284434	0.432527731652083	0.43252773165204605	3.697042672001771e-14	17.452739715576172	
0	1139	16409	10.643368263983099	10.643368263984325	-1.0502050770374742	-1.0502050770377105	2.362554596402333e-13	5.1913676261901855	
0	2096	14600	10.662773389255687	10.662773389286466	0.4015822531876423	0.4015822531859149	1.727396004014281e-12	17.81827735900879	
0	1257	16436	10.26642631739285	10.266426317380065	-0.9775957043764831	-0.97759570437402	2.4631408024333723e-12	5.1913676261901855	
0	16535	32119	11.186202435490536	10.478412162044219	-0.6795524134538966	-0.5732812397609965	0.10627117369290007	6.660228252410889	
0	19374	44095	11.819950202679916	12.215639861817836	-0.019665950537145704	-0.0538007197607171	0.03413476922357139	11.5919828414917	
0	13583	38285	14.174812833311886	15.183599188460239	0.6301937041907908	0.6038755051678326	0.026318199022958177	38.33037185668945	
0	15531	23903	10.970054980852233	11.068901164906464	-0.10784148385146786	-0.1178237404041318	0.009982256552663937	9.902188301086426	
0	11942	23912	11.073664782564038	11.278534276505248	0.23274381647918352	0.21854911317836911	0.014194703300814404	14.432812690734863	
0	15611	32780	10.54691508068576	11.559747979536128	0.4462556793904493	0.393078948453081	0.0531767309373683	19.04654312133789	
0	6030	37389	11.503992545486389	12.217618179527491	0.920943497605212	0.9160393961444815	0.004904101460730503	145.51608276367188	
0	9166	27057	10.20863273335955	11.412700487338546	0.027620143312208856	-0.08706820532732396	0.11468834863953281	10.498605728149414	
0	19127	21185	10.790451545441831	11.309492046839052	0.3328099890490245	0.3007169263673708	0.032093062681653683	16.17298126220703	
0	17037	35834	11.287029983908983	11.994975651242186	-1.190935511982882	-1.3283554803293791	0.13741996834649717	5.151694297790527	
0	15911	39483	11.228582711893687	11.251825572476875	0.8343759207394681	0.8340330834035153	0.00034283733595275034	67.79559326171875	
0	15834	29448	11.45732920559663	11.727328744969286	0.3967288645822242	0.38251238133759036	0.01421648324463387	18.992006301879883	
0	10945	22564	11.026108640889733	11.0958315746371	0.2569658677022193	0.2522673361290668	0.004698531573152476	14.839303016662598	
0	25432	61751	10.264448115335464	10.264448115349186	0.7317222605002928	0.731722260499934	3.587130592563881e-13	38.260528564453125	
0	39876	46568	10.877265041967453	11.541487606372483	0.40991216132402475	0.3738783186331158	0.036033842690908924	18.433298110961914	
0	28593	60775	10.566518014773543	11.261934351956548	-0.5468540898787795	-0.6486575036273818	0.10180341374860236	6.830972671508789	
0	27088	59653	10.486088766729923	10.486088766734394	-0.5019094437339053	-0.5019094437345457	6.403766406037903e-13	6.981838226318359	
0	39284	61119	10.454528255559463	11.32850722875572	0.9006125638399037	0.8923039604021907	0.008308603437713002	105.18963623046875	
0	20341	49502	10.167204927266951	10.334759061768107	0.32743701633701694	0.3163532711551975	0.011083745181819427	15.117104530334473	
0	23917	52579	10.470003908178855	10.894845260344278	-0.017293970262725278	-0.058572708042234245	0.04127873777950897	10.292014122009277	
0	31933	57614	9.414309622998672	10.13714374804127	0.6421042094386962	0.6146248401608025	0.027479369277893628	26.304611206054688	
0	56600	63225	10.305945697996476	11.327411839456383	0.639442742528844	0.6037063781662774	0.035736364362566664	28.58338165283203	
0	50572	64573	11.308695329141376	11.731451192240147	0.6813842596800677	0.669473365595875	0.011910894084192658	35.49320983886719	
0	47682	64399	10.831696842119086	10.78789417476261	0.7115358718989371	0.712702401800176	0.0011665299012388886	37.54954528808594	
0	56876	63019	11.144782683547637	11.407861912186025	0.3860376686596815	0.3715447223969893	0.014492946262692152	18.152225494384766	
0	63566	68060	10.489722702578703	10.793873785341539	0.11168394911879942	0.08592709201477855	0.02575685710402087	11.808547973632812	
0	65714	66235	10.805964391137778	11.06755487892081	-0.41531724889338495	-0.44957920979799404	0.03426196090460909	7.635012149810791	
0	64674	67614	11.804639264880068	11.927860867405876	0.34251749948551735	0.33565443103182047	0.0068630684536968856	17.954301834106445	
0	64958	67022	10.643160835030956	10.754026540661481	0.8255765577106005	0.8237596559172655	0.0018169017933349352	61.01909637451172	
0	63342	67782	11.248058141710612	11.421298056973448	-0.07169829929518512	-0.08820434151315215	0.016506042217967032	10.495545387268066	
0	63343	66234	10.672222524200311	11.273744377648516	0.026050966967088418	-0.02884403041378203	0.05489499738087045	10.957680702209473	
0	64099	66552	11.531580211555955	11.927860867405876	0.022330888009710836	-0.011266533141249147	0.03359742115095998	11.79497241973877	
0	64010	66568	10.947011804791467	11.31896190108877	-0.08841612376471186	-0.12539758402664614	0.036981460261934274	10.057744979858398	
0	63183	68238	10.575664582613275	10.754026540661481	0.6169245884500398	0.6104638993888054	0.006460689061234426	27.60726547241211	
0	64588	66774	10.67041968294252	10.963481205262031	0.4788667257694711	0.4645538763019387	0.014312849467532418	20.475414276123047	
0	67903	68601	11.189318502767666	11.661765100679036	0.8511340947736821	0.8448485296204715	0.006285565153210548	75.16374206542969	
0	67672	68690	10.560260232814029	11.605285937101975	0.6534800982050506	0.6191890678289401	0.034291030376110476	30.475191116333008	
0	66681	68550	11.319929830201705	11.83632133136196	0.5933888979716462	0.5748401507166372	0.01854874725500899	27.839696884155273	
0	68377	68613	11.021802362943824	11.703773597758572	-0.4003379964053939	-0.48698355591727105	0.08664555951187713	7.870815753936768	
0	67999	68591	11.30683643818643	11.703773597758572	-1.2137298387788893	-1.2914449131119117	0.07771507433302238	5.107595443725586	
0	67035	68522	11.174528607383245	11.866226447700502	0.4287755284090924	0.393417013771192	0.03535851463790041	19.56241226196289	
0	68115	68527	11.119353452507195	11.866226447700502	-0.2652052034792487	-0.35018744672682134	0.08498224324757264	8.78857707977295	
0	68526	68947	13.511457316608674	13.743386945276189	-0.21844009037129575	-0.23935510724116793	0.020915016869872183	11.089143753051758	
0	68481	68840	13.37166716671954	13.743386945276189	0.3715439344782988	0.35407344657311557	0.01747048790518324	21.27701187133789	
0	68525	69029	13.46382468284089	13.743386945276189	0.2488315241719753	0.23323429503988535	0.01559722913208994	17.92384147644043	
0	68532	69132	13.132260914732093	13.743386945276189	0.44918891306358144	0.4235562367617034	0.025632676301878043	23.841678619384766	
0	69023	69313	14.584246852661456	14.009893719613041	-0.14571372654463488	-0.10059351738570954	0.04512020915892534	12.729398727416992	
0	68966	69294	14.591172800533	14.009893719613041	0.5126656476625753	0.5320799379530085	0.019414290290433178	29.940784454345703	
0	68939	69289	14.261588363910345	14.009893719613041	0.47971416626022023	0.48889639439039423	0.009182228130173997	27.41106414794922	
0	68758	69341	14.261588363910606	14.009893719613041	0.4880185286594916	0.4970541978309624	0.009035669171470806	27.85567283630371	
0	68870	69316	14.261588363910345	14.009893719613041	0.4966072032830745	0.5054912958314273	0.008884092548352762	28.330934524536133	
0	68738	69248	14.591172800536505	14.009893719613041	0.017877343388971068	0.05700287243266655	0.039125529043695484	14.856772422790527	
0	69298	69383	14.856034279044255	14.856034279048815	-1.0519371497647243	-1.051937149765354	6.297184995673888e-13	7.240004539489746	
0	69318	69378	15.396458833457451	15.39645883348598	0.0741184782253772	0.07411847822366158	1.7156276399532544e-12	16.62897300720215	
0	69289	69376	11.748856787468679	11.748856787483092	0.6863218068155296	0.6863218068151448	3.8480330033507926e-13	37.45512771606445	
0	69316	69377	13.393971771817334	13.393971771780048	-0.13747814429233896	-0.13747814428917238	3.1665781108358715e-12	11.775146484375	
0	69263	69380	14.329611040031764	14.3296110400461	0.9781282585209747	0.9781282585209529	2.1871393585115584e-14	655.16552734375	
0	69299	69377	13.393971771817334	13.393971771780048	-0.03598617902480794	-0.035986179021924025	2.8839153287663066e-12	12.928716659545898	
0	69279	69379	15.773253381416934	15.773253381455191	0.8241074216940353	0.8241074216936087	4.2654768606098514e-13	89.67549133300781	
0	69253	69376	11.748856787468679	11.748856787483092	0.051643638729121255	0.05164363872795785	1.1634027075047015e-12	12.388651847839355	
0	69349	69383	14.856034279018907	14.856034279048815	0.41488651878307836	0.4148865187819004	1.177946629127291e-12	25.390005111694336	
0	69264	69385	14.437725407772982	14.437725407818698	0.3630857240493791	0.3630857240473623	2.0168311465340594e-12	22.66823959350586	
0	69317	69382	14.433991740982163	14.433991741104727	-2.166805178446778	-2.166805178473668	2.689004574563114e-11	4.557903289794922	
0	69279	69378	15.396458833457451	15.39645883348598	0.9386421034098201	0.9386421034097064	1.1368683772161603e-13	250.92872619628906	
0	69253	69383	14.856034279018907	14.856034279048815	0.05340444429233493	0.05340444429042923	1.905697821769081e-12	15.694172859191895	
0	69294	69380	14.329611040031764	14.3296110400461	0.6418070355203359	0.6418070355199776	3.58268970046538e-13	40.00528335571289	
0	69294	69384	13.306553726566747	13.306553726604978	0.23839756283927427	0.23839756283708613	2.188138559233721e-12	17.471784591674805	
0	69253	69380	14.329611040031764	14.3296110400461	0.418789234251306	0.41878923425072456	5.814237979961945e-13	24.65475845336914	
0	69248	69376	11.748856787468679	11.748856787483092	0.993771091833241	0.9937710918332333	7.66053886991358e-15	1886.182373046875	
0	69253	69381	15.706679925922826	15.706679925940662	0.7106035373754224	0.7106035373750937	3.2862601528904634e-13	54.27391815185547	
0	69294	69385	14.437725407772982	14.437725407818698	-0.49689467432849455	-0.49689467433323453	4.739986181334643e-12	9.64511775970459	
0	198	6195	9.210405053185532	9.210405053240118	0.03376925068128489	0.03376925067555847	5.726419338714095e-12	9.532303810119629	
0	1715	8361	9.75506858577018	9.755068585725864	-0.4399620245832072	-0.43996202457666556	6.541656105696347e-12	6.774531841278076	
0	1395	8793	11.655447612398277	11.655447612446581	-0.6412848715808881	-0.6412848715876902	6.802114427273409e-12	7.10141658782959	
0	1677	18854	11.356918751930923	11.356918751969001	-2.2432874091716957	-2.2432874091825696	1.0873968392388633e-11	3.501668930053711	
0	153	14636	12.734188331804502	12.734188331773165	-2.6072750738200927	-2.607275073811216	8.876899215692902e-12	3.5301406383514404	
0	1465	7276	11.515855743248052	11.515855743303273	-1.9974645454652142	-1.9974645454795876	1.4373391366007127e-11	3.8418655395507812	
0	1996	12022	9.043828582782329	9.043828582763656	-0.5053551937581415	-0.5053551937550333	3.1081803797405883e-12	6.007770538330078	
0	1961	5092	9.574225705757435	9.57422570576744	0.1819311501949642	0.18193115019410944	8.54760706658908e-13	11.703447341918945	
0	2772	14266	7.946254062614593	7.946254062606942	0.648716149372242	0.6487161493725803	3.382849556032852e-13	22.620607376098633	
0	1567	9359	15.112446298784095	15.112446298813394	-0.277575313561391	-0.2775753135638679	2.4769075679387242e-12	11.82900619506836	
0	1815	14795	12.485300238019414	12.485300238084703	-0.46153306319106435	-0.4615330631987069	7.642553256914653e-12	8.54260540008545	
0	1364	7002	11.656243247597532	11.656243247592815	-2.942149114905893	-2.942149114904298	1.5947243525715749e-12	2.956824541091919	
0	2226	3113	10.959911319509732	10.95991131958732	-0.8780399134781287	-0.8780399134914239	1.3295142764491175e-11	5.835824489593506	
0	173	9254	9.190462328243392	9.190462328181294	-1.534106929897201	-1.5341069298800787	1.7122303574979014e-11	3.626706600189209	
0	2820	14786	9.81080569047876	9.81080569044606	-1.7685304597409304	-1.7685304597317022	9.228173780684301e-12	3.543687105178833	
0	2253	4150	10.271269244452986	10.271269244439752	0.7826937640545908	0.7826937640548708	2.799982468104645e-13	47.266334533691406	
0	247	3643	10.374637594097676	10.374637594146316	0.5635337374643765	0.5635337374623302	2.0463630789890885e-12	23.769620895385742	
0	1864	13780	10.98713007534735	10.987130075417044	-2.884304032794155	-2.884304032818794	2.4638957540901174e-11	2.828596830368042	
0	2859	10693	9.764755967171405	9.764755967200907	-1.3220944963464518	-1.3220944963534675	7.015721337211289e-12	4.205150127410889	
0	1113	16668	10.375493109781171	10.375493109727111	-2.037648511240494	-2.0376485112246665	1.5827339439056232e-11	3.415633201599121	
0	113	9240	8.782095696859239	8.782095696897498	-1.4215070765308306	-1.4215070765413795	1.0548895090778387e-11	3.626706600189209	
0	1477	5234	11.788905477264368	11.788905477235529	-2.6634124207990495	-2.6634124207900878	8.961720254774264e-12	3.2180120944976807	
0	740	3762	9.538919541691953	9.538919541711332	-1.1618875926560968	-1.1618875926604888	4.392042285417119e-12	4.412310600280762	
0	1840	9928	9.325463465432657	9.32546346541912	-1.5499269136999132	-1.5499269136962117	3.701483564100272e-12	3.657149314880371	
0	999	13299	8.8896270990463	8.889627099037158	-0.09555318359844933	-0.09555318359732268	1.1266543253896089e-12	8.11428165435791	
0	2601	12676	9.731331756513272	9.731331756490054	-0.05325935993979192	-0.05325935993727904	2.5128787939365793e-12	9.23925495147705	
0	81	13592	10.185399958472798	10.185399958517174	-1.1930066242669195	-1.1930066242764736	9.554135260714247e-12	4.644491195678711	
0	1389	10326	9.084544442406251	9.0845444424291	0.8804121256563565	0.8804121256560558	3.007594173709549e-13	75.9654312133789	
0	1056	5120	10.714595177086682	10.71459517713452	-1.9993834688533099	-1.9993834688667014	1.3391510123028638e-11	3.572265863418579	
0	1230	4151	11.549361914219293	11.549361914178617	-1.3375818103224244	-1.3375818103141914	8.232969861410311e-12	4.940730571746826	
0	7789	24621	9.058006699155833	10.187034996675143	0.3736065803978982	0.2955302530557502	0.07807632734214798	14.4605712890625	
0	8901	44491	10.138711552504837	10.489732967545226	-1.0748783084501783	-1.146714529068256	0.07183622061807782	4.886412620544434	
0	15769	20570	10.492723094114197	10.297128993501534	0.35495372217008925	0.3669779836924827	0.012024261522393442	16.266620635986328	
0	16833	23937	10.218043827671384	10.056974253920085	0.6669355312877137	0.6721857095911097	0.005250178303396025	30.678876876831055	
0	5994	30510	10.139412344317941	11.284615085059091	0.7650727553867046	0.7385387398767544	0.02653401550995016	43.15979766845703	
0	15717	37759	10.80240279775133	10.615268171402676	0.2969771312134688	0.3091558959131441	0.01217876469967527	15.365649223327637	
0	9780	23784	9.406604156982036	9.834424957332036	-0.3216824957746254	-0.38179380201378366	0.06011130623915828	7.117143630981445	
0	8884	33712	10.874282977285537	11.187274961627987	-0.41995033350773614	-0.4608204371716422	0.04087010366390609	7.6582136154174805	
0	3933	24033	10.334166822129276	10.368244730900164	0.8680732240102103	0.8676381827810529	0.00043504122915738463	78.33259582519531	
0	12451	30377	10.0276131237076	10.011899356325337	0.7065986197286264	0.7070583942514705	0.00045977452284418074	34.17711639404297	
0	4044	44106	10.106673832401437	10.28790842270006	-0.3939403644006667	-0.41893673957139277	0.02499637517072606	7.250434875488281	
0	15717	33839	10.80240279775133	10.615268171402676	0.9820773422956436	0.9823878241315346	0.00031048183589099665	602.7232666015625	
0	23952	60516	11.117755239819353	11.117755239902959	-2.0472664125447615	-2.047266412567677	2.291544731747308e-11	3.648435592651367	
0	34780	61123	9.473603997870462	10.324713706797437	0.33082202577116093	0.2707029970473219	0.06011902872383901	14.157076835632324	
0	43197	55497	11.320983158188834	11.575709333042237	0.5989191164031511	0.5898946529040117	0.009024463499139435	28.226184844970703	
0	41717	48085	10.450521748265594	10.942880373015775	-1.1278166332054247	-1.228065108495135	0.10024847528971037	4.911382675170898	
0	21662	59970	9.319517033901542	10.127168752906778	0.10253012491094216	0.02475323102960314	0.07777689388133902	10.384211540222168	
0	28370	51670	10.213139234773115	10.711486152409975	0.7862375972977937	0.7758071280713884	0.010430469226405337	47.77799606323242	
0	38791	45804	11.075064026784233	11.890820245489907	0.3876383734041484	0.342533640484845	0.04510473291930339	18.08582305908203	
0	60148	64207	9.707274356753327	9.969104161005736	0.5290495114542675	0.516346782583447	0.012702728870820468	20.612091064453125	
0	60300	64336	9.736856791578067	9.846505959832099	0.10821576784953335	0.09817316360768624	0.010042604241847108	10.918399810791016	
0	51411	63942	9.65045183362811	10.039136310947331	0.7889236898342351	0.7804223173901632	0.008501372444071897	45.7202033996582	
0	56755	64249	11.121188162217425	11.41948820302504	0.4840084998921992	0.47016822641661316	0.013840273475586029	21.55304527282715	
0	51605	64578	12.084652530889505	12.531411891659726	-0.4751521682077262	-0.5296872934852406	0.05453512527751436	8.192139625549316	
0	60534	63229	11.453254641719651	12.378304349300102	0.49305017315810906	0.4521051489053661	0.040945024252742934	22.59248161315918	
0	57297	63195	10.912379752356918	11.079487270282401	0.764491554119458	0.7608850784711847	0.003606475648273322	46.33540725708008	
0	53806	66010	11.1661398901371	12.562852339730652	-0.01358066341770403	-0.14036402321720387	0.12678335979949984	11.016528129577637	
0	48198	63034	11.316211558494775	11.591255193173014	0.05443926512799613	0.031457151371648506	0.022982113756347622	11.96772575378418	
0	63493	68368	10.971800735975197	11.241143860946345	-0.46573644919915447	-0.501718330852998	0.03598188165384353	7.485520839691162	
0	65957	67248	11.084253022661084	11.332359608806804	-0.15670453659840233	-0.18259586307461784	0.025891326476215504	9.582613945007324	
0	63272	67119	11.054281289541732	11.321027356418691	0.7023089374944523	0.695125483592035	0.007183453902417369	37.133399963378906	
0	64816	67979	11.253275638862732	11.520232655551027	0.3531361307275206	0.337790834452357	0.015345296275163567	17.39666748046875	
0	63822	67209	11.07825955987008	11.321027356418691	0.9459570947858087	0.9447728043341334	0.0011842904516753405	204.99008178710938	
0	65774	68064	11.150626319684232	11.410575466430112	-0.2748919817390383	-0.30461292057645517	0.029720938837416888	8.746330261230469	
0	65938	66216	11.027792412457945	11.141024778944907	0.3205937272364249	0.31361764560614336	0.0069760816302815165	16.23151397705078	
0	67317	68654	11.241424428761924	11.428149825582759	0.42926854973232054	0.4197884293788272	0.009480120353493326	19.696521759033203	
0	66232	68505	11.114059924771002	11.189523388626357	0.6795010898871323	0.6773249312122023	0.00217615867493004	34.677371978759766	
0	66371	68612	11.199127027573262	11.415860064417563	-0.0973122209214139	-0.11854814488415855	0.02123592396274465	10.205962181091309	
0	66271	68664	10.726496932556898	11.221652012294065	0.5580847559210782	0.5376851250541902	0.020399630866888008	24.272747039794922	
0	66238	68710	10.826146417220908	11.317907453311399	0.848677918224709	0.841804345593286	0.006873572631422964	71.54373168945312	
0	66664	68647	11.080777041587513	11.189523388626357	0.7017872466480451	0.6988605974206752	0.0029266492273699596	37.15728759765625	
0	67216	68496	10.732843562634624	11.221652012294065	0.7107820941936767	0.6976101742522445	0.013171919941432186	37.109886169433594	
0	66357	68574	11.095578517126501	11.49130589178581	0.807255657817908	0.8003813688933221	0.0068742889245858585	57.56629943847656	
0	66598	68516	10.815871308506733	11.317907453311399	0.855490231193081	0.848782576751836	0.006707654441244992	74.84526062011719	
0	66854	68537	11.245739581805417	11.478080754289484	0.5727002486129914	0.5638720764401239	0.008828172172867466	26.318151473999023	
0	66851	68603	11.006754171194705	11.429125906227382	0.6187548802028391	0.6041250301837586	0.01462985001908046	28.87054443359375	
0	68700	69002	13.98058835982653	14.376689568353324	-1.9996515178861785	-2.0846383267967505	0.08498680891057209	4.66073751449585	
0	68701	68752	14.241844716890817	14.376689568353324	0.9764864546427442	0.9762638233338031	0.00022263130894106808	605.6868286132812	
0	69206	69252	13.883970563362418	13.821782867463595	0.7936565084970669	0.7945807416796226	0.0009242331825556338	67.28572082519531	
0	69330	69382	13.575374346451422	13.575374346445921	0.853261949792506	0.8532619497925654	5.939693181744587e-14	92.51434326171875	
0	69330	69385	12.909231851139403	12.909231851130329	0.4802354346757659	0.48023543467613117	3.652633751016765e-13	24.83669090270996	
0	69248	69377	11.372072141693701	11.372072141685807	0.5742542210092332	0.5742542210095287	2.9554136915521667e-13	26.71094512939453	
0	69339	69379	15.259031785182897	15.259031785190022	-0.23775862753781474	-0.23775862753839272	5.779821066198565e-13	12.327954292297363	
0	69290	69385	12.909231851139403	12.909231851130329	0.010374475211834988	0.010374475212530543	6.955547249276606e-13	13.044562339782715	
0	69252	69376	14.140736568391567	14.140736568391892	0.7490614453707582	0.7490614453707525	5.773159728050814e-15	56.35139083862305	
0	69330	69380	14.74970409178075	14.749704091772568	0.40595775361227615	0.40595775361260567	3.2951419370874646e-13	24.82938575744629	
0	69263	69382	13.575374346451422	13.575374346445921	-0.19608587217825013	-0.1960858721777654	4.847233725513433e-13	11.349832534790039	
0	69261	69385	12.909231851139403	12.909231851130329	0.37946153306614105	0.37946153306657715	4.360956040727615e-13	20.803274154663086	
0	69268	69384	14.703426749509099	14.703426749515671	0.18958501784743342	0.18958501784707116	3.622657729351886e-13	18.143083572387695	
0	69277	69382	13.575374346451422	13.575374346445921	0.25205325626194197	0.25205325626224506	3.0309088572266774e-13	18.150188446044922	
0	69309	69379	15.259031785182897	15.259031785190022	0.8346531401186119	0.8346531401185348	7.716050021144838e-14	92.28498077392578	
0	69359	69382	13.575374346451422	13.575374346445921	0.7165863594843336	0.7165863594844484	1.1479706074624119e-13	47.89950942993164	
0	69268	69380	14.749704091867923	14.749704091772568	-1.7458600377119797	-1.7458600376942282	1.7751577985336553e-11	5.371615409851074	
0	1945	3308	10.143565308802101	10.143565308744536	-1.2123029657550854	-1.2123029657425306	1.255484605167112e-11	4.585070610046387	
0	393	9060	13.162119542124291	13.162119541999573	-1.9836482641469768	-1.9836482641187052	2.8271607277474686e-11	4.4114179611206055	
0	2270	12351	9.779149244846671	9.77914924481335	-0.9722797457555032	-0.9722797457487831	6.7201799680560725e-12	4.958297252655029	
0	2900	5850	10.531857885067376	10.531857885040207	-1.9762978357822147	-1.9762978357745369	7.677858349097733e-12	3.538576602935791	
0	2617	4748	9.697352585929078	9.697352585913213	-2.3698511218165073	-2.3698511218109943	5.512923451078677e-12	2.8776798248291016	
0	1194	19237	9.569073077029307	9.56907307704934	-1.2131035094534983	-1.2131035094581315	4.633182726365703e-12	4.323825359344482	
0	1642	3989	8.91212146851915	8.912121468466058	-0.7246657480740959	-0.7246657480638217	1.0274225914486124e-11	5.1674485206604	
0	449	5232	11.12617192904781	11.1261719289948	-0.9622011574728877	-0.9622011574635387	9.348966045763518e-12	5.670250415802002	
0	3059	5881	9.158466737002612	9.15846673700192	0.8564474703619662	0.8564474703619771	1.0880185641326534e-14	63.79871368408203	
0	1098	13589	11.791550105084076	11.791550105159773	-3.1686923984673427	-3.1686923984941044	2.6761703963984473e-11	2.828596830368042	
0	652	4262	11.494841690728565	11.494841690776518	0.9449073934142441	0.9449073934140143	2.298161660974074e-13	208.64581298828125	
0	2235	7981	9.592066927009254	9.592066927037699	-1.6897096377849645	-1.6897096377929408	7.976286298116975e-12	3.566209077835083	
0	661	3242	11.00067084225301	11.000670842244855	-0.6279678456754267	-0.6279678456742199	1.2068124277675452e-12	6.757302284240723	
0	671	5295	9.583075203955625	9.583075203992664	-0.6900620786075444	-0.6900620786140765	6.532108187684571e-12	5.670250415802002	
0	260	4418	7.481336641841277	7.481336641827503	0.5651344062675769	0.5651344062683776	8.006928453596629e-13	17.20379066467285	
0	2013	3838	9.253930273316282	9.253930273309205	-0.1331850895339317	-0.13318508953306507	8.666400930223972e-13	8.166300773620605	
0	1744	7096	9.700413513532787	9.700413513471645	-2.2806862154730845	-2.280686215452406	2.0678569967458316e-11	2.956824541091919	
0	2719	16047	9.183637330591287	9.183637330626787	-0.5868414355288973	-0.5868414355350315	6.134204255658915e-12	5.787369251251221	
0	763	4797	10.152771933678725	10.152771933655917	0.46402578209842726	0.4640257820996313	1.2040368702059823e-12	18.942649841308594	
0	1851	18381	11.956013732058395	11.956013732123601	-2.504122431717094	-2.5041224317362047	1.9110935056687595e-11	3.411985158920288	
0	2268	10814	9.672274071334739	9.672274071337227	0.9101345016972364	0.9101345016972133	2.3092638912203256e-14	107.63056182861328	
0	326	7507	10.585134484024087	10.585134484019404	-2.554958748084401	-2.5549587480828286	1.5725198920790717e-12	2.9775688648223877	
0	19289	36559	9.904445586792818	10.55874744528945	0.6553660545263638	0.6325990425771926	0.02276701194917119	28.739030838012695	
0	13669	23072	11.033187191732791	11.42562972909975	0.5070573070279791	0.48952368978350824	0.01753361724447089	22.382291793823242	
0	19308	39334	10.295286575413474	10.302437265734627	0.7764032911561564	0.7762479899112557	0.0001553012449007074	46.04399871826172	
0	12635	24227	10.379542297015782	10.277439892797554	-0.7710670037430423	-0.7536452144252488	0.01742178931779348	5.860615253448486	
0	6988	30878	9.791965104209108	9.783611257311872	0.8456808979794034	0.8458125526715801	0.0001316546921766859	63.45270919799805	
0	11343	25769	12.605385151666326	13.077254357678761	0.5951754064509722	0.5800212277222854	0.015154178728686851	31.137893676757812	
0	4143	33385	10.61460064813633	10.63912808548018	0.5155977764923412	0.5144784555136106	0.0011193209787305758	21.912782669067383	
0	15918	41225	9.957961170718843	10.154095839575984	0.10973261379797583	0.0921976690443761	0.017534944753599735	11.185359954833984	
0	7473	36537	10.539805536629794	11.068139104786942	0.28868930948196814	0.2530331188735515	0.03565619060841663	14.817442893981934	
0	3485	31130	11.022412340364328	12.544697705186048	0.6581401115792853	0.6109264627978208	0.0472136487814645	32.24248504638672	
0	13860	43372	9.709029208975316	9.723380215748755	0.23344704052187748	0.23231399143150078	0.0011330490903767032	12.6658296585083	
0	8239	37711	10.575263260317858	10.638500020096478	0.5216923347076985	0.5188322047813014	0.002860129926397059	22.109750747680664	
0	10949	20790	10.42275850537606	10.422758505443177	0.7222679930885453	0.7222679930867568	1.7884582703686647e-12	37.528114318847656	
0	21266	53056	10.326469531582996	10.333118922930089	-0.8018543932031257	-0.8030146382388799	0.0011602450357541816	5.73102331161499	
0	30709	50806	10.557577355080017	10.865571427756377	0.6234389646184098	0.6124536255583463	0.010985339060063493	28.036828994750977	
0	28888	48598	10.992729384913766	11.487997278778714	-1.234999844400288	-1.335695825076729	0.10069598067644092	4.918447494506836	
0	39353	55419	9.563709023304467	9.81951039723184	0.7711124316307233	0.764990355528127	0.006122076102596297	41.7834358215332	
0	21280	58408	10.734481701606185	11.82238959061201	-0.6468451607402264	-0.8137480343156018	0.16690287357537548	6.518209457397461	
0	42020	62278	11.032570261255053	11.487997278778714	0.5913184702805272	0.5744480034908623	0.016870466789664862	26.995519638061523	
0	44051	46905	11.501306151338454	12.276141360898777	-1.5195671019877581	-1.6893086320176134	0.16974153002985526	4.564794540405273	
0	19496	47735	10.460082688137318	10.460082688161714	0.6449529702073138	0.6449529702064858	8.280043317654417e-13	29.461118698120117	
0	41457	54497	9.751973456475977	10.721026335034395	0.16598635676951	0.08311048294391032	0.08287587382559969	11.692822456359863	
0	28464	45976	9.372735751457242	9.372735751471076	0.9455139724066358	0.9455139724065554	8.038014698286133e-14	172.02090454101562	
0	55960	64882	12.042776738905546	11.182316574333566	0.3322817160267394	0.3799903962565422	0.04770868022980279	18.035715103149414	
0	47317	63206	11.556744878878394	12.11022544347499	-1.9145305131725632	-2.054114454054826	0.13958394088226278	3.965216636657715	
0	47166	62983	10.071059865703722	10.166491337974442	0.2415772410553737	0.2343905693986812	0.0071866716566925115	13.278952598571777	
0	45224	64174	9.175239439070921	9.206536090067821	0.32710060608466873	0.32480535290601975	0.0022952531786489816	13.635380744934082	
0	49202	64987	11.60504610369236	11.957306842471999	0.2541888339629146	0.2315504066795676	0.022638427283346974	15.560300827026367	
0	54978	66164	8.868326102261314	8.721937559354835	0.920894647431067	0.9222004313146475	0.0013057838835804914	112.1077880859375	
0	56537	65383	9.782133139876304	9.715014505665327	0.832557628515703	0.8337065091455587	0.0011488806298556309	58.420894622802734	
0	48086	63367	10.733445896327462	11.004989368888019	0.9587110459683356	0.9576664843182893	0.001044561650046294	259.9592590332031	
0	49556	65525	10.95788854866838	11.110076249488625	-0.26048940045941826	-0.2779956000262609	0.01750619956684263	8.693360328674316	
0	54508	66158	10.012438667664675	10.012461497200874	0.1727725335165664	0.17277064734077863	1.8861757877797203e-06	12.103610038757324	
0	65784	68418	11.45827471499741	11.815258323121684	0.5497826242810637	0.5357560603155458	0.014026563965517935	25.450538635253906	
0	65982	66926	10.862619590822359	11.211059649416569	-0.8021054367044573	-0.8599115412732641	0.05780610456880675	6.027738094329834	
0	64426	68111	10.329390813263053	10.737141341825886	0.5668570013259198	0.5497587726069646	0.017098228718955166	23.847530364990234	
0	64895	67054	11.095034686750662	11.247155593221953	-0.0292276645179661	-0.043339116145852286	0.014111451627886185	10.779961585998535	
0	65630	67213	11.000676084644068	11.38207242008334	-0.49063586791037106	-0.5423166058141948	0.05168073790382377	7.379854679107666	
0	66382	68526	11.614559238396183	12.075264735414187	0.47305288090313846	0.45215088803171133	0.020901992871427133	22.041223526000977	
0	67579	68579	11.524341849947369	12.075264735414187	0.7877640582166651	0.7776180872823183	0.01014597093434677	54.2996711730957	
0	66831	68497	11.845267889431883	12.325565733514136	0.6896139888341744	0.6770285637186106	0.012585425115563709	38.163021087646484	
0	67257	68697	11.781956125604369	11.784248439186731	-1.0315236656131166	-1.031918921650563	0.00039525603744650084	5.799566268920898	
0	66483	68691	11.782714001598787	11.784248439186731	0.9284340304638826	0.928424710581073	9.319882809610824e-06	164.64129638671875	
0	66759	68591	11.812027386472494	12.325565733514136	-0.0946707226023642	-0.14226250130784668	0.04759177870548248	10.790484428405762	
0	68463	68599	11.751401045227546	11.784248439186731	-0.41443959877160297	-0.41839322562456394	0.0039536268529609675	8.308167457580566	
0	68207	68702	11.413591857187562	11.812428642846232	0.9939511016551003	0.9937397288284876	0.00021137282661265466	1886.8876953125	
0	67742	68656	11.445869990428601	11.767609276815596	0.7437287665061364	0.7365250743573718	0.0072036921487645955	44.663108825683594	
0	68008	68697	11.748392333923755	12.250152084081426	-0.8817938069304412	-0.9621629641373595	0.08036915720691828	6.24318790435791	
0	68519	69183	12.792713969552501	13.315908040823937	0.7715647634331244	0.7622222609957423	0.009342502437382105	56.00149154663086	
0	68713	68831	13.043501867770509	13.315908040823937	0.8718879025389166	0.8692123537066315	0.0026755488322850463	101.81319427490234	
0	68501	69085	12.80376682681145	13.315908040823937	0.11052191604463568	0.0749434498076148	0.03557846623702088	14.394696235656738	
0	68712	69177	12.743537901301456	13.315908040823937	-0.852279182192244	-0.935473449134212	0.08319426694196808	6.879922866821289	
0	68937	69249	14.166940307424	14.14229296332925	0.07754272426795905	0.0791475959900314	0.001604871722072354	15.357828140258789	
0	68935	69290	14.166946476417262	14.14229296332925	-0.44410868868658215	-0.44159563109041544	0.0025130575961667123	9.810166358947754	
0	69080	69357	14.166946476444721	14.14229296332925	0.45788783903232577	0.45883122999471093	0.00094339096238516	26.132869720458984	
0	69255	69377	13.108816426011188	13.108816426011826	-0.14989814010780456	-0.1498981401078605	5.595524044110789e-14	11.399980545043945	
0	69250	69383	14.621403040956785	14.621403040921274	0.6536056172318914	0.6536056172327327	8.413270080609436e-13	42.21027755737305	
0	69352	69379	14.577497698958439	14.57749769891051	-0.018830526014230076	-0.01883052601088031	3.3497649098990223e-12	14.308069229125977	
0	69348	69382	12.646258126659497	12.646258126624463	-0.18710599434618724	-0.18710599434289876	3.2884805989397137e-12	10.65301513671875	
0	69285	69377	13.108816426011188	13.108816426011826	0.8048280292467213	0.8048280292467118	9.43689570931383e-15	67.16546630859375	
0	69293	69380	12.84780609220524	12.847806092204419	-0.18117077230918044	-0.18117077230910494	7.549516567451064e-14	10.877179145812988	
0	69310	69376	12.522734851003134	12.522734850972647	0.2040744755717201	0.20407447557365788	1.9377832671807482e-12	15.733551025390625	
0	69320	69383	14.621403040956785	14.621403040921274	0.56048637261641	0.5604863726174776	1.0675904604795505e-12	33.267234802246094	
0	69363	69376	12.522734851003134	12.522734850972647	0.44547100451985755	0.4454710045212076	1.3500311979441904e-12	22.582651138305664	
0	69260	69381	13.687095428659202	13.687095428660626	0.5945466663008645	0.5945466663008222	4.2299497238218464e-14	33.757511138916016	
0	69351	69385	15.10843882491653	15.108438824906528	-1.4110358483113377	-1.4110358483097416	1.596056620201125e-12	6.266368389129639	
0	69336	69378	13.911276295206173	13.911276295169742	0.3764862565871412	0.3764862565887741	1.6329160246186802e-12	22.311098098754883	
0	69333	69384	12.626465067841798	12.626465067819225	-2.296115583546265	-2.2961155835403724	5.892619725500481e-12	3.8307106494903564	
0	69290	69379	14.577497698958439	14.57749769891051	0.5997618769933717	0.5997618769946876	1.315947351088198e-12	36.422061920166016	
0	69265	69385	15.108438824944976	15.108438824906528	0.7626975549948526	0.7626975549954564	6.038503030936226e-13	63.66743850708008	
0	69339	69378	13.911276295206173	13.911276295169742	0.617044871301877	0.6170448713028799	1.002864458143904e-12	36.32612609863281	
0	420	13410	10.36648567625077	10.366485676205532	-1.0247453869650052	-1.0247453869561696	8.835598919176846e-12	5.119895935058594	
0	1345	14416	9.510245870167026	9.51024587019122	-0.5616322170284012	-0.561632217032374	3.97282207131866e-12	6.089939594268799	
0	1868	13782	9.747067423688154	9.747067423638299	-2.4459019818741425	-2.4459019818565175	1.7625012560529285e-11	2.828596830368042	
0	708	11186	10.348492372146575	10.348492372209597	0.19054365918032345	0.19054365917539395	4.9295012516381576e-12	12.784497261047363	
0	2574	15495	7.353565607674481	7.353565607648995	-1.254290315944817	-1.2542903159370042	7.812861468892152e-12	3.262031316757202	
0	777	7620	10.293874902823735	10.293874902885499	0.139704965116611	0.13970496511144914	5.161870930692203e-12	11.965517044067383	
0	525	15750	9.23651819921927	9.236518199235459	-0.4520987145641193	-0.4520987145666644	2.545075261650709e-12	6.360805988311768	
0	288	11840	9.945371703976436	9.945371703952095	-0.2557579975634734	-0.25575799756039985	3.0735414213722834e-12	7.919815540313721	
0	2807	3259	7.703867235766207	7.703867235755812	-0.002523505222674194	-0.002523505221321276	1.3529177778082158e-12	7.684475421905518	
0	1096	14356	11.013835185325268	11.013835185281327	-2.2907911785389943	-2.290791178525865	1.3129497489217101e-11	3.34686541557312	
0	2746	13485	9.648420660445424	9.648420660480117	-1.2664975736147182	-1.2664975736228676	8.149481089958499e-12	4.256973743438721	
0	2222	15655	10.505099737288015	10.505099737365436	-0.5805298713189995	-0.5805298713306477	1.1648237929762217e-11	6.646568298339844	
0	593	6296	13.23928455023593	13.23928455015186	-0.1121248137070392	-0.11212481369997707	7.062128659640621e-12	11.904495239257812	
0	1322	8261	10.566559478690774	10.566559478754066	-1.420603536781503	-1.4206035367960017	1.4498624523184844e-11	4.36525821685791	
0	444	4462	9.288516960020825	9.288516959957542	0.7667040248161627	0.7667040248177522	1.5895063043558366e-12	39.81430435180664	
0	481	4464	9.763399804478482	9.76339980448459	0.1698027099484416	0.16980270994792213	5.194733532221107e-13	11.760336875915527	
0	2146	7697	13.32650376518318	13.326503765147697	0.18758865969658045	0.1875886596987435	2.1630475188771925e-12	16.403640747070312	
0	2840	9164	9.344477437369743	9.344477437384759	-0.9938846439050679	-0.9938846439082718	3.2038816044632767e-12	4.686568737030029	
0	734	5823	10.21763539318938	10.217635393142702	-1.8406499604216622	-1.840649960408685	1.297717489023853e-11	3.596935749053955	
0	1562	15245	11.633723042260636	11.633723042320568	0.3721752786951099	0.3721752786918756	3.234301715338006e-12	18.530208587646484	
0	326	13139	12.737561705349599	12.737561705497159	-0.2494677302258992	-0.24946773024037383	1.4474643705852941e-11	10.194390296936035	
0	1800	5572	9.894151795753885	9.89415179581201	0.4330889042639202	0.43308890426058977	3.3304470292705446e-12	17.452739715576172	
0	2143	9247	10.491938951036484	10.491938951064125	-0.7168422264342618	-0.7168422264387846	4.522826557717963e-12	6.111184120178223	
0	1306	15949	10.308163210811621	10.308163210836511	-1.1688350310450093	-1.1688350310502464	5.2371440517617884e-12	4.752857208251953	
0	3038	8959	9.58966798682941	9.589667986770584	0.9836484093492377	0.9836484093493381	1.0036416142611415e-13	586.4669799804688	
0	1225	10548	8.503881983590976	8.503881983602534	-0.8704661278701109	-0.8704661278726533	2.5424107263916085e-12	4.5463972091674805	
0	1321	11076	12.059751006718672	12.059751006791995	-1.4890483760440523	-1.4890483760591855	1.5133228004060584e-11	4.845125198364258	
0	865	11728	9.751755899044031	9.751755899011362	-1.529068223133483	-1.5290682231250101	8.472778034729345e-12	3.8558690547943115	
0	1356	16982	9.821541943727311	9.821541943724345	-1.1958539898441725	-1.1958539898435094	6.630251903061435e-13	4.472766399383545	
0	988	6910	8.762333593076484	8.762333593030952	-0.20394881573484636	-0.20394881572859025	6.256106743762757e-12	7.2779951095581055	
0	5343	23949	11.504711396151475	11.657104064001812	0.250165989626698	0.24023360615778888	0.009932383468909123	15.343010902404785	
0	3220	31121	10.03162204708555	9.877275996366986	0.5790879418282612	0.5855640743593412	0.006476132531080037	23.833059310913086	
0	15222	33474	11.122493432593696	11.411415314542747	-1.1760049960763568	-1.2325296829558807	0.056524686879523944	5.111428260803223	
0	13940	19920	9.507983963955194	9.657032326496676	-0.01275067932441476	-0.028626687423326747	0.015876008098911987	9.388277053833008	
0	5003	20153	9.587852000274413	10.19221522271862	0.7333554273355862	0.7165476821619945	0.016807745173591737	35.95742416381836	
0	12697	29375	9.662859082163358	9.47738660746255	-1.2330832065749915	-1.1902205853761783	0.04286262119881323	4.3271379470825195	
0	44038	51515	7.013359400750145	7.0133594007268565	0.9381761091619226	0.9381761091621279	2.0528023725319144e-13	113.44092559814453	
0	22489	53827	9.857232534367679	10.32584775798734	-0.3121336731232598	-0.37451282594386304	0.062379152820603245	7.512369155883789	
0	40398	59375	10.941690827089824	10.94169082705626	0.9725167544092925	0.9725167544093768	8.426592756904938e-14	398.1222229003906	
0	39566	51964	9.750399797157694	10.625083067045333	0.2944777674863417	0.23118718390500337	0.06329058358133832	13.820116996765137	
0	41361	62385	10.592661037196727	11.711180030361954	0.4899887264368369	0.4361347142858212	0.05385401215101571	20.76946449279785	
0	62024	65265	10.288850254181481	10.84927131573162	-0.25919143942288403	-0.3277780536453454	0.06858661422246137	8.170997619628906	
0	46996	65678	10.403118647568963	11.177715135196797	0.9900109302447753	0.9892671630525329	0.0007437671922423394	1041.4501953125	
0	51769	64001	10.065243012369786	10.473125730901257	0.7184426333710553	0.7070328359143978	0.011409797456657489	35.74846267700195	
0	45954	63948	10.795705020303288	10.88538077881887	0.8205582965285692	0.8190677434949445	0.0014905530336246642	60.162742614746094	
0	55996	65443	10.438893197404562	11.305807265808719	0.998878564746674	0.9987854334175639	9.31313291101521e-05	9308.51171875	
0	49232	66014	10.250841183634165	10.729852344397955	-0.9762241738027837	-1.068571076702232	0.09234690289944836	5.187084197998047	
0	59002	66035	10.468859855550928	10.942490630738082	-0.2592444153820017	-0.31621498494132516	0.05697056955932345	8.313604354858398	
0	61666	66150	10.417571580492316	11.0478063141679	0.969780325394284	0.967952117310496	0.00182820808378803	344.7281188964844	
0	61462	65265	10.185523015186465	10.742392610292285	0.9070258601196025	0.9019427169610907	0.0050831431585117715	109.55221557617188	
0	64540	67411	10.776225724429517	10.967339490842978	0.9085210419551484	0.9068986846784354	0.0016223572767130046	117.800048828125	
0	63394	68124	10.79882975950827	11.59301312807539	0.7753567144302007	0.7588356686101458	0.01652104582005487	48.07101058959961	
0	66033	66914	10.177938037259391	10.411598774707201	0.4407875444569471	0.4279493846770537	0.012838159779893443	18.200485229492188	
0	64575	68173	10.240939692835504	10.742009348509354	0.0853345682282417	0.04058173238493712	0.044752835843304584	11.196377754211426	
0	63035	67375	10.319743445594284	10.433953997296921	0.40224924444752774	0.39563382382857215	0.006615420618955592	17.264291763305664	
0	63033	66626	10.191067923964395	10.411598774707201	0.6620039576243806	0.6546898512589898	0.00731410636539076	30.15144157409668	
0	64933	66232	10.152711890031982	10.411598774707201	0.8472077389002987	0.8433116456291578	0.0038960932711408214	66.44781494140625	
0	65089	67095	11.26213506583241	11.703621997278237	-1.4093634330478357	-1.503812883580638	0.09444945053280218	4.674319744110107	
0	67201	68634	10.685267551721056	10.644230500677676	0.4894518492763599	0.491412622876079	0.0019607735997191345	20.92901039123535	
0	67927	68482	10.708287272710628	10.773724343721087	0.7570794794166738	0.7555950209827075	0.0014844584339662736	44.081443786621094	
0	67401	68600	11.290447118607208	11.069170198635149	0.9175880690252226	0.9192032272260874	0.0016151582008647747	137.00015258789062	
0	66372	68658	11.121660411865092	11.194500472958042	0.25896661497446904	0.2541133003579221	0.004853314616546922	15.008312225341797	
0	67926	68559	11.161586374215684	11.095087355818636	0.7652602169770881	0.7666587605735271	0.0013985435964389836	47.548763275146484	
0	67908	68600	11.37938427328162	11.095087355818636	-0.25164378400588205	-0.22037333377685941	0.03127045022902264	9.091551780700684	
0	66494	68640	10.942417699678828	10.745965318962895	0.7671633262738323	0.771343510226491	0.004180183952658623	46.99610900878906	
0	67525	68542	10.7394823099058	10.644230500677676	0.5086216899821026	0.5129798770617062	0.00435818707960367	21.855833053588867	
0	66424	68487	10.708332717791126	10.773724343721087	0.7209685634982286	0.7192646269658767	0.0017039365323519018	38.37679672241211	
0	68163	68698	11.129582566485553	11.194500472958042	0.6640514058965831	0.6620918463819933	0.001959559514589815	33.12882614135742	
0	68591	68905	12.998482065062259	13.327491650452409	-0.2064416445451316	-0.23697835362257735	0.030536709077445767	10.774231910705566	
0	68705	69148	13.083588735466103	13.327491650452409	0.7088205100486566	0.7033923719575499	0.00542813809110676	44.93307113647461	
0	68943	69265	14.241997158068566	14.36831112756214	0.1642167773193547	0.15680411634763736	0.007412660971717333	17.040300369262695	
0	68943	69293	14.241997158068566	14.36831112756214	-0.3506393242215373	-0.3626183052944192	0.011978981072881867	10.544633865356445	
0	69148	69327	14.241997158068633	14.36831112756214	0.6693407775006954	0.6664081214637672	0.0029326560369282717	43.07152557373047	
0	69298	69380	13.38884254663945	13.388842546661587	0.7411546677648722	0.7411546677644443	4.2787995369053533e-13	51.72526168823242	
0	69327	69384	12.893450763961074	12.89345076396919	-0.13611492207822984	-0.13611492207894504	7.152056724635258e-13	11.34872055053711	
0	69361	69378	16.14194202238561	16.14194202236251	-0.33125722545068714	-0.331257225448782	1.9051427102567686e-12	12.125336647033691	
0	69339	69382	11.92627679935254	11.926276799373099	0.20160855315912152	0.20160855315774517	1.3763434836278066e-12	14.937881469726562	
0	69369	69377	12.562017438495095	12.562017438477545	-0.9392454943859636	-0.9392454943832542	2.709388269295232e-12	6.477786064147949	
0	69348	69376	13.648764762778253	13.648764762792313	0.6842048682338167	0.6842048682334914	3.2529534621517087e-13	43.220314025878906	
0	69365	69381	16.22522996849875	16.225229968479194	0.38070155351273094	0.38070155351347723	7.462919171530302e-13	26.199371337890625	
0	69261	69379	14.098802083303568	14.098802083332941	-0.02749097438165471	-0.02749097438379544	2.140732036082227e-12	13.721582412719727	
0	69302	69381	16.22522996849875	16.225229968479194	0.31115892560529446	0.3111589256061247	8.302247778146921e-13	23.55438804626465	
0	69264	69380	13.388842546702994	13.388842546661587	-1.3851134414313582	-1.3851134414239819	7.37632177560954e-12	5.613503456115723	
0	69336	69381	16.22522996849875	16.225229968479194	0.3206371650242532	0.3206371650250719	8.186784583585904e-13	23.883010864257812	
0	69265	69381	16.22522996849875	16.225229968479194	-0.821906234031889	-0.8219062340296934	2.1955770534987096e-12	8.905633926391602	
0	69357	69376	13.648764762778253	13.648764762792313	0.5149014924243148	0.5149014924238151	4.99711383383783e-13	28.13606834411621	
0	69260	69382	11.92627679935254	11.926276799373099	0.017954529604394476	0.017954529602701497	1.6929790902509012e-12	12.144322395324707	
0	69280	69381	16.22522996849875	16.225229968479194	-0.22940367432884878	-0.22940367432736708	1.481703648664734e-12	13.19764232635498	
0	69249	69381	16.22522996849875	16.225229968479194	0.3034677478283637	0.30346774782920316	8.394396289190809e-13	23.29429817199707	
0	69287	69383	12.375053625159975	12.3750536251917	0.9478685773036324	0.9478685773034987	1.3367085216486885e-13	237.38185119628906	
0	2347	9285	11.442565561191541	11.442565561188415	0.9230204899959741	0.9230204899959951	2.098321516541546e-14	148.64430236816406	
0	1271	13627	7.592865072719192	7.592865072709179	0.33601643805743453	0.33601643805831016	8.75632899521861e-13	11.435320854187012	
0	1492	19066	7.4910496551728185	7.491049655134087	-0.8550660391797666	-0.8550660391701752	9.591438754341652e-12	4.038157939910889	
0	2024	13812	8.915322104234612	8.915322104244357	-0.1724600592099952	-0.1724600592112766	1.2814194150223557e-12	7.603945255279541	
0	1447	13923	17.103618611531758	17.10361861177565	-2.57049878024029	-2.5704987802912043	5.091438382009983e-11	4.790260314941406	
0	2599	7811	7.706064842555709	7.706064842523807	0.30868943086122347	0.3086894308640855	2.862043935181191e-12	11.147037506103516	
0	1567	7567	10.912961704368657	10.91296170443599	0.7841884207841094	0.7841884207827778	1.3316014957354128e-12	50.567081451416016	
0	1316	15170	8.469232394006829	8.469232393996734	0.9008504523042753	0.9008504523043934	1.1812772982011666e-13	85.41876983642578	
0	1959	7907	9.588748641265818	9.588748641257682	0.38701534415256755	0.3870153441530876	5.200284647344233e-13	15.642722129821777	
0	2757	9394	10.6482488247527	10.648248824702211	-0.7424199001947533	-0.7424199001864915	8.261835660050565e-12	6.111184120178223	
0	1521	4984	11.140693379551307	11.140693379576945	0.04808446143487899	0.04808446143268841	2.1905810498878964e-12	11.703447341918945	
0	1291	18245	11.744636095712327	11.744636095713672	-1.3963418684200164	-1.3963418684202908	2.744471316873387e-13	4.901068687438965	
0	1218	15921	9.616539980025644	9.616539980060962	-1.0233176715953767	-1.0233176716028076	7.430944748421098e-12	4.752857208251953	
0	1687	14251	9.556756571707783	9.556756571741012	0.8902657176716157	0.8902657176712341	3.815836535636663e-13	87.08998107910156	
0	2361	4428	9.074487830817706	9.074487830809883	0.6120921893734884	0.6120921893738228	3.3439917501709715e-13	23.393413543701172	
0	267	5189	11.2282671586836	11.228267158680666	-0.9802065756024412	-0.9802065756019236	5.17585974080248e-13	5.670250415802002	
0	1058	11777	10.935950520424914	10.935950520459343	-2.134583859164038	-2.1345838591739064	9.868550421288091e-12	3.488804578781128	
0	2467	12641	9.255012216043955	9.255012216064117	-0.0017054691801079436	-0.001705469182290198	2.1822543772032077e-12	9.23925495147705	
0	2629	19090	7.995544041966287	7.995544041977839	-0.9367615221271832	-0.9367615221299814	2.7982061112652445e-12	4.128305912017822	
0	1149	5662	9.781649282488523	9.781649282513515	-0.5675258211229712	-0.5675258211269762	4.00501853903279e-12	6.2401838302612305	
0	2658	8081	15.386062615674497	15.386062615738837	-1.1791784316590301	-1.1791784316681428	9.112710586123285e-12	7.060487747192383	
0	628	9882	10.958653430309822	10.958653430297623	0.3652905208161108	0.36529052081681734	7.065459328714496e-13	17.265621185302734	
0	1300	3146	9.592918566618591	9.592918566647922	-0.7743710534527812	-0.7743710534582064	5.42521583213329e-12	5.406376838684082	
0	332	8022	7.802005577152798	7.802005577152526	-0.17468072820027403	-0.17468072820023295	4.107825191113079e-14	6.641809463500977	
0	1598	10127	10.425469620692981	10.425469620757829	-1.003923972438594	-1.0039239724510587	1.2464695942071558e-11	5.2025275230407715	
0	1280	19008	10.242877552003367	10.242877551977578	-1.536522271892466	-1.5365222718860796	6.3864469268537505e-12	4.038157939910889	
0	2802	17593	11.361897225042192	11.36189722498256	-0.23397296181737648	-0.2339729618109001	6.476374991848388e-12	9.207573890686035	
0	1583	14215	8.37340038620205	8.37340038617445	-0.7856308099880989	-0.7856308099822134	5.88551429814288e-12	4.689323425292969	
0	194	5169	9.498331555054744	9.498331555090706	-0.7197890831745952	-0.7197890831811065	6.511235994821618e-12	5.522963047027588	
0	95	11807	10.468879946677704	10.468879946743142	-1.1631035386136426	-1.1631035386271633	1.3520740083095006e-11	4.839749813079834	
0	2710	11179	11.033894291838912	11.033894291881445	-1.6265723968271666	-1.6265723968372914	1.0124789895371578e-11	4.20087194442749	
0	5750	22485	10.483352400560065	10.45189968906355	0.25767993662731803	0.2599070847665038	0.002227148139185786	14.122415542602539	
0	5556	33514	10.463413196071809	10.60383180229218	-0.029263169636893016	-0.04307584213735738	0.013812672500464362	10.165925979614258	
0	17362	33948	10.716121298268916	11.13601677391415	0.9808353651031941	0.9800844270294657	0.000750938073728391	559.1612548828125	
0	7281	30909	11.177754580228733	11.64795377778926	0.9741884350988407	0.9731026555697595	0.0010857795290811767	433.05218505859375	
0	15833	31798	10.434633599007626	11.066546929884996	0.8307354802373749	0.8204849519876114	0.010250528249763469	61.64690399169922	
0	19031	38531	10.130066890220025	10.322166020734484	0.41083253409773457	0.3996599960332031	0.011172538064531445	17.193866729736328	
0	19347	41143	12.234174727165376	12.333317308391813	0.5084516224799125	0.5044682418243462	0.003983380655566249	24.889055252075195	
0	14251	40172	10.153316201094054	10.400281238376667	0.7132235607101018	0.7062481299623257	0.006975430747776179	35.40498733520508	
0	20552	53992	8.65858257237731	9.126127683563432	0.9415330932972424	0.9383760042279233	0.003157089069319108	148.09373474121094	
0	37720	45270	10.41724142718881	10.849217652755284	0.2401743078573949	0.20866628945594645	0.03150801840144846	13.710041046142578	
0	20147	46503	10.60916190458899	10.845246386513129	0.7259619402895943	0.7198638022899996	0.006098137999594688	38.71419143676758	
0	33031	47456	9.759981475671252	9.98519880864043	-0.8024947876781536	-0.8440884187504707	0.04159363107231706	5.414707183837891	
0	38262	44680	9.003334278945616	9.003334278955947	0.3832272877643216	0.3832272877636138	7.077671781985373e-13	14.597491264343262	
0	29010	51868	9.447237077998231	9.780267559595842	-0.16109927806840196	-0.2020299172135025	0.040930639145100534	8.136459350585938	
0	48042	65834	9.87984936772496	11.216999183231346	0.9047221042406843	0.8918270877283281	0.01289501651235625	103.69508361816406	
0	61588	64408	9.829630242992149	10.021821400394643	-0.4039431146699375	-0.43139332850967427	0.02745021383973678	7.0014448165893555	
0	46227	64872	9.705026435820363	9.963777851672702	0.930629880434861	0.92878036289114	0.0018495175437209799	139.90211486816406	
0	60913	63046	10.295660718762113	10.302888123236315	0.6891932203997022	0.6889750385490316	0.0002181818506705735	33.1255989074707	
0	60408	64576	11.418389567724715	11.828251345256104	0.7384447982652338	0.7290563044439502	0.009388493821283594	43.65575408935547	
0	50175	63777	10.150674863165076	10.329855204049236	0.6238048247927616	0.6171642042782364	0.006640620514525186	26.98246955871582	
0	58826	65752	9.54398939665973	9.932300222346583	-0.7264668830573413	-0.7967106514667692	0.07024376840942792	5.528046607971191	
0	51194	65457	9.663602576631465	9.883731755073176	0.8137227945345706	0.809479547994126	0.004243246540444612	51.87753677368164	
0	60297	65585	11.151362468365727	11.815261700067616	-0.17247218703452383	-0.2422756201461489	0.06980343311162507	9.510982513427734	
0	59866	64960	10.99485530741612	10.994337385261465	-0.01280070985393289	-0.012753001001818198	4.770885211469178e-05	10.855892181396484	
0	48328	66108	9.457078067347606	10.177976065733015	0.01808223388022978	-0.05676779348909555	0.07485002736932533	9.631232261657715	
0	65908	66339	10.34795444347432	10.650986524313147	0.4786123728525322	0.4633439274374336	0.015268445415098642	19.84695053100586	
0	65992	67044	11.101252242730435	11.26141801834404	-1.2707233346799676	-1.3034846985469213	0.03276136386695372	4.888861656188965	
0	63617	66965	11.107581595384424	11.26141801834404	0.7411605084880658	0.7375756650049958	0.003584843483069977	42.91300964355469	
0	63520	68368	10.410801198782222	11.032259580631687	-0.3026457909310938	-0.3804054301651758	0.07775963923408202	7.9920430183410645	
0	65356	66233	10.241964553704603	10.507167268820705	0.754723352780742	0.7483722242979165	0.0063511284828254855	41.75678634643555	
0	64267	66251	11.123485763333946	11.26141801834404	-0.04924541663427351	-0.06225615710309529	0.01301074046882178	10.601414680480957	
0	63057	66995	10.333995727713631	10.738322177642164	0.5153248647043109	0.496361534160522	0.01896333054378896	21.321489334106445	
0	64838	67220	10.232019998132689	10.512171533141636	0.911305003191302	0.9088765443426968	0.0024284588486052083	115.36186218261719	
0	64588	67340	10.23808885935313	10.512171533141636	0.47030333283112025	0.45612288559834646	0.014180447232773785	19.328210830688477	
0	65992	66443	11.101252242730435	11.26141801834404	0.32869638791670863	0.3190110063623941	0.009685381554314532	16.53685760498047	
0	64518	66848	10.578859730220213	10.951124217469497	0.8527440717308548	0.8475622133803811	0.005181858350473689	71.83995819091797	
0	67626	68497	11.703107920901981	12.04790695968298	0.11723530138080973	0.09122713144758443	0.0260081699332253	13.257335662841797	
0	68267	68501	11.874434319885816	12.234990528424456	0.4800025307597363	0.46421328885496826	0.015789241904768048	22.835561752319336	
0	67631	68607	11.83461269968907	12.076100263204069	0.43304291789059346	0.4214740488578307	0.011568869032762774	20.873912811279297	
0	67674	68528	11.725097464123186	12.213372897861777	0.7939920226092598	0.7854131059032914	0.008578916705968442	56.91574478149414	
0	66839	68720	11.905987300239822	12.076100263204069	0.7800693503104513	0.776926977189947	0.0031423731205043604	54.135189056396484	
0	66461	68692	11.850711604546778	12.076100263204069	0.43323818693416205	0.42245894522381	0.01077924171035205	20.909509658813477	
0	67530	68552	11.722913572184112	12.213372897861777	0.9176126995381775	0.9141658072976011	0.0034468922405763713	142.29029846191406	
0	67632	68705	11.790742180748177	12.191986861255558	0.46154526721592415	0.44322139125361193	0.01832387596231222	21.897369384765625	
0	67601	68584	11.874443175007055	12.234990528424456	-0.8548982924331581	-0.9112191371530902	0.05632084471993215	6.401668071746826	
0	66339	68586	11.660556670039725	12.04790695968298	-0.757153798612709	-0.8155244280861011	0.05837062947339211	6.636047840118408	
0	68497	68840	13.765079454048916	14.148471379970951	0.4745076520151992	0.4598713744678201	0.014636277547379062	26.19463348388672	
0	68694	69032	13.802302579627849	14.148471379970951	-0.831239669419436	-0.8771680959154096	0.04592842649597362	7.537136077880859	
0	68528	68986	13.67298430793948	14.148471379970951	0.7157687942611772	0.705884466103333	0.009884328157844235	48.10514831542969	
0	68552	69007	13.675238553231374	14.148471379970951	-0.9127819925767393	-0.9789739808013074	0.06619198822456807	7.149397373199463	
0	68884	69327	13.6979289331716	13.793381921281423	0.09030801986639081	0.08396889968355681	0.006339120182834002	15.05776596069336	
0	68985	69361	13.6979289331716	13.793381921281423	0.059218248976458776	0.05266248206216839	0.006555766914290384	14.560155868530273	
0	68849	69337	13.6979289331716	13.793381921281423	0.05846976986745889	0.05190878723275982	0.006560982634699064	14.54858112335205	
0	68984	69310	14.001291556638296	13.793381921281423	0.669673049866686	0.6745781799022221	0.004905130035536165	42.38616180419922	
0	68970	69266	13.638735845919417	13.793381921281423	0.8139081098989779	0.811798062400006	0.002110047498971923	73.29032897949219	
0	69336	69381	13.567652953963561	13.567652953964883	0.43191195485874556	0.4319119548586903	5.5289106626332796e-14	23.883010864257812	
0	69320	69378	14.347037108485175	14.347037108484818	-0.40707839657973044	-0.4070783965796956	3.4861002973229915e-14	10.196331024169922	
0	69289	69377	12.915765243257033	12.915765243255034	0.16557691503523464	0.16557691503536376	1.291189377639057e-13	15.478676795959473	
0	69320	69380	12.685552564605928	12.685552564598957	0.4612604117455468	0.46126041174584276	2.9598545836506673e-13	23.546724319458008	
0	69360	69383	13.981169744211597	13.981169744211758	-0.5017112114137421	-0.5017112114137596	1.7541523789077473e-14	9.310158729553223	
0	69327	69381	13.567652953963561	13.567652953964883	0.9806060213247036	0.9806060213247018	1.887379141862766e-15	699.5806884765625	
0	69350	69379	15.211761143532954	15.211761143532025	0.39472990510831973	0.3947299051083567	3.697042672001771e-14	25.132186889648438	
0	69375	69385	16.131914439303422	16.13191443930413	-0.5758650110416061	-0.5758650110416752	6.905587213168474e-14	10.236863136291504	
0	69299	69377	12.915765243257033	12.915765243255034	0.0010017557527106646	0.0010017557528652077	1.545430450278218e-13	12.928716659545898	
0	69250	69382	13.38075665809593	13.380756658095853	0.6975351581516722	0.697535158151674	1.7763568394002505e-15	44.23904800415039	
0	842	6101	11.082775905928473	11.082775905926676	-0.9977050683446536	-0.9977050683443296	3.239630785856207e-13	5.547753810882568	
0	2232	8492	8.372138760055744	8.372138760064724	-0.8242919084544529	-0.8242919084564095	1.956657058599376e-12	4.589253902435303	
0	1721	12716	10.003503208417058	10.003503208416113	-1.4956985252858668	-1.495698525285631	2.3581137043038325e-13	4.008297920227051	
0	377	18780	9.673164142784888	9.673164142781028	-0.4234438061870054	-0.4234438061864374	5.679900993982301e-13	6.79560661315918	
0	2078	3855	10.721417214304171	10.721417214320258	-2.372662523143088	-2.3726625231481484	5.0603965462414635e-12	3.17891788482666	
0	1531	4733	10.054521199482945	10.054521199479462	0.44796057055648075	0.44796057055667204	1.9129142714291447e-13	18.213411331176758	
0	566	8075	10.141938691774111	10.141938691841977	0.1326240747195454	0.13262407471374127	5.804134950437856e-12	11.692667961120605	
0	2653	3998	9.246627563008605	9.246627563014773	0.507169639070794	0.5071696390704652	3.2884805989397137e-13	18.762292861938477	
0	814	12487	8.44882721850592	8.448827218559583	0.07666339446583359	0.07666339445996906	5.864531082977464e-12	9.150321960449219	
0	937	12260	11.182865525196474	11.182865525170774	-1.5278655289014842	-1.527865528895675	5.809130954048669e-12	4.423837184906006	
0	30	18703	10.516228851874688	10.516228851905236	-1.3355078295458638	-1.3355078295526481	6.7843508588794066e-12	4.502758979797363	
0	875	7381	10.703123205965849	10.703123206026692	-2.7009047676707776	-2.7009047676918163	2.1038726316646716e-11	2.89202880859375	
0	254	9023	10.444429787323148	10.444429787256379	-0.3261862985148287	-0.3261862985063506	8.478107105247545e-12	7.875537395477295	
0	1073	19208	11.015053557830068	11.015053557865489	-0.3019765939132635	-0.30197659391745013	4.186651025861465e-12	8.460254669189453	
0	2484	8810	8.327629445722783	8.327629445777742	0.24457232927816708	0.24457232927318162	4.9854564920792654e-12	11.023728370666504	
0	3010	6129	9.308157222457059	9.308157222477467	0.8599155635220366	0.8599155635217295	3.070876886113183e-13	66.44676208496094	
0	2921	18900	14.009402384392853	14.009402384354082	-0.09185768066935918	-0.09185768066633737	3.021805028424751e-12	12.830795288085938	
0	105	12052	9.689443106429913	9.689443106387035	-1.1902802253866822	-1.19028022537699	9.692247004977617e-12	4.423837184906006	
0	1447	18275	11.13497158352793	11.134971583554478	-2.2634876955477603	-2.263487695555541	7.780887045782947e-12	3.411985158920288	
0	2848	14272	9.925353021001754	9.925353020978124	-1.4471158312779853	-1.4471158312721588	5.8264504332328215e-12	4.055939197540283	
0	1469	17006	9.892235529835222	9.892235529791442	-0.6022093116152734	-0.6022093116081826	7.09077241367595e-12	6.174121856689453	
0	2579	17033	11.186870795371524	11.186870795366316	-1.4108347711077789	-1.4108347711066562	1.1226575225009583e-12	4.640247821807861	
0	2223	8231	11.808742159456637	11.808742159403758	-0.2535607661574857	-0.2535607661518724	5.6132876125047915e-12	9.420159339904785	
0	2605	13702	10.041298899804243	10.041298899896775	-0.4050900852365076	-0.4050900852494559	1.2948309091598276e-11	7.146373748779297	
0	1510	5747	10.959813105142015	10.95981310522738	-0.1210272095658107	-0.12102720957454216	8.731459999467006e-12	9.776580810546875	
0	728	8124	9.7555422710408	9.75554227100983	-0.4688079091474777	-0.4688079091428148	4.6629367034256575e-12	6.641809463500977	
0	2271	9535	9.61773964416014	9.617739644101873	0.7637757073961158	0.763775707397547	1.4311885010442893e-12	40.714439392089844	
0	9397	41567	10.513240250510405	10.636122513905855	0.8301271051500161	0.8281415740186706	0.001985531131345475	61.88886260986328	
0	16317	31187	10.58265580886744	10.576200991212604	0.11696644328285577	0.1175050434881969	0.0005386002053411332	11.984432220458984	
0	11509	39242	9.80411929379081	10.042636368894845	-0.7687591411509247	-0.8117899575117609	0.043030816360836166	5.542936325073242	
0	6313	19787	10.063224241094018	10.19590690905294	0.9686368846625072	0.9682233649277994	0.00041351973470782344	320.86175537109375	
0	19406	30809	10.205775693340144	10.200897384183579	0.733077503863092	0.7332050914660458	0.00012758760295383809	38.23497772216797	
0	9136	23124	10.965808842448808	11.071925153626799	0.9137955244173788	0.9129613222999344	0.0008342021174443381	127.20695495605469	
0	6082	31762	10.061952819956383	10.508140599034148	-0.16635445220508083	-0.21807533700337633	0.05172088479829551	8.626839637756348	
0	3507	23141	10.42252992829224	11.17884133648323	0.4031697177255119	0.35986069828938294	0.04330901943612897	17.463138580322266	
0	9885	22926	9.737277989109742	9.844291007690755	0.5919465125994503	0.5874619907979696	0.004484521801480734	23.862749099731445	
0	12454	34484	10.455572972232385	10.592457424515299	0.5885860707822904	0.583199836042971	0.005386234739319429	25.413755416870117	
0	10337	22480	10.377138488101007	10.458355444147664	0.6374605043686115	0.6346230791655428	0.002837425203068622	28.623470306396484	
0	16253	43254	10.397356366356064	10.652459477097786	0.5798364720471262	0.5695275993660065	0.010308872681119685	24.745975494384766	
0	6626	25127	9.873374410607733	9.844290759068262	-0.7975212199997976	-0.7922263250000585	0.005294894999739119	5.492772102355957	
0	4781	31733	9.771555035318222	9.79626362904877	-0.00037355460656463	-0.002903123713039246	0.002529569106474616	9.767906188964844	
0	10794	24198	10.914076375005823	10.996346010335689	0.945621824431118	0.9452119250937631	0.00040989933735491313	200.70692443847656	
0	26019	47205	11.13238123121374	11.406258415506649	0.6463234868741659	0.6376223899970805	0.008701096877085313	31.476167678833008	
0	32489	59723	9.089274311883086	9.089274311878146	0.9415631390371223	0.941563139037154	3.175237850427948e-14	155.5400848388672	
0	34619	55261	10.23518092108094	10.639581109950402	0.5186555846923255	0.49963728164887267	0.019018303043452867	21.263736724853516	
0	41846	45710	9.670726641050255	10.552081034587863	0.715900945954488	0.6900092049533488	0.025891741001139223	34.039981842041016	
0	26555	55380	10.258326002630882	11.081874963470458	0.14373501940813738	0.07499318620953399	0.06874183319860339	11.980317115783691	
0	21454	51910	9.751523486347182	10.401308128534005	0.6281347047553039	0.6033557706584343	0.024778934096869598	26.223268508911133	
0	42272	48476	9.296028019411093	9.400016160041138	0.1362085574334141	0.1265459288551567	0.009662628578257393	10.761889457702637	
0	48474	63158	9.821978166111819	9.90128022625794	0.9294745219654845	0.9289051035035067	0.0005694184619777776	139.2685089111328	
0	54009	64575	10.452023534951525	10.871667179006309	0.8834320501048825	0.8787519038049431	0.004680146299939403	89.66464233398438	
0	48340	64708	10.671211908013653	11.076519303058495	-1.0893862998775496	-1.168744082830937	0.07935778295338736	5.107342720031738	
0	60158	66036	10.270057868441953	11.101770074607623	0.3687175505498276	0.3175936595774853	0.05112389097234227	16.26856231689453	
0	58290	64463	9.937005039081637	9.848055820189082	0.8904047159632631	0.8913857373948751	0.0009810214316120502	90.67000579833984	
0	56139	63112	10.694497143392447	10.918162044749907	0.34967314666707117	0.3360721994181688	0.013600947248902373	16.44480323791504	
0	54770	64402	11.79666542026605	12.455846122774993	0.8630329019582264	0.8553793774501327	0.007653524508093645	86.12773132324219	
0	48236	63344	10.557681457669043	11.083946784894362	0.22405767013318623	0.18537952420004566	0.03867814593314056	13.606270790100098	
0	63273	67316	10.717503893077922	10.93367948615081	-0.47193282908849365	-0.5016222003699142	0.029689371281420573	7.281245231628418	
0	63853	67168	10.879124186525996	10.852508131784065	0.4071030595266153	0.40855359701046046	0.0014505374838451601	18.349098205566406	
0	65928	68084	10.885664146132545	10.852508131784065	0.5013410418858428	0.5028598783434333	0.0015188364575904334	21.829877853393555	
0	64192	67199	11.005624658707694	11.229981732470721	0.9523868465308444	0.9514162203177727	0.0009706262130716459	231.146728515625	
0	63882	67394	11.075613094617228	10.918129352793386	0.16621822745455783	0.17807374030817924	0.011855512853621408	13.283587455749512	
0	64408	66439	11.20210777927627	11.154262016670382	-0.21848362710857172	-0.213279313821241	0.005204313287330731	9.193482398986816	
0	68017	68548	10.965589969899737	11.70479713579318	0.6787468423486671	0.6570906763919226	0.021656165956744466	34.13379669189453	
0	68339	68505	11.566069654673818	11.742793111040092	0.9955256882509307	0.9954573231225193	6.836512841135178e-05	2584.994140625	
0	66607	68563	11.529166802242326	11.588472205964441	0.6731548392468505	0.6714735656088183	0.0016812736380321658	35.27409362792969	
0	67650	68668	11.488473035089047	11.700981025632242	0.693555366951938	0.687886908403714	0.0056684585482239536	37.48955535888672	
0	67900	68599	10.965589971637641	11.70479713579318	0.6003051188143073	0.5733610765500098	0.026944042264297474	27.43490219116211	
0	67897	68576	11.116023123398556	11.563314252207157	0.6486938112505805	0.6345578077555525	0.014136003495027971	31.641979217529297	
0	68148	68565	11.224706930212944	11.677490242207348	0.32350737471220403	0.29621894987207453	0.0272884248401295	16.592504501342773	
0	66659	68655	11.166627427074001	11.631171335825771	0.8407826552507451	0.8341590396466667	0.0066236156040784255	70.13449096679688	
0	66405	68664	11.123956387983904	11.744675367000267	0.5365322781453664	0.5106706870816506	0.025861591063715772	24.001577377319336	
0	67645	68685	11.15066498084827	11.563314252207157	0.8972106294335456	0.893406734424545	0.0038038950090005796	108.48072052001953	
0	68451	68625	11.488467901671331	11.700981025632242	-0.38745318081576685	-0.4131182226932626	0.025665041877495742	8.280256271362305	
0	67745	68720	11.557044548135721	11.742793111040092	0.2720542185140953	0.26035443815760984	0.011699780356485445	15.876243591308594	
0	68559	69224	13.820468782714865	13.780726102849927	0.2204242946795676	0.22266607302834418	0.0022417783487765908	17.728193283081055	
0	68671	69039	13.826303132188071	13.780726102849927	0.34108250819913866	0.3432545639951171	0.002172055795978456	20.983360290527344	
0	68655	69104	13.705095581455813	13.780726102849927	0.9166095309481225	0.9161493470248359	0.0004601839232866167	164.3484649658203	
0	68569	68741	13.76702114548997	13.780726102849927	0.04200156903942387	0.04104788940833515	0.0009536796310887219	14.370609283447266	
0	68519	69175	13.954952999066366	13.780726102849927	-0.5725781627078079	-0.552944602325006	0.01963356038280195	8.873932838439941	
0	68598	68759	13.679215819855845	13.780726102849927	-0.3323992291466773	-0.3422866543173113	0.009887425170634012	10.26660442352295	
0	68520	69162	13.741568155426885	13.780726102849927	0.44518524103969226	0.4436042419197108	0.001580999119981441	24.76784896850586	
0	68939	69254	13.435543026672821	14.379959638491759	0.780277560812513	0.7648327424567471	0.015444818355765833	61.147796630859375	
0	68891	69254	13.435549255361181	14.379959638491759	0.37921700745706566	0.33558098687573534	0.043636020581330315	21.642908096313477	
0	69236	69365	13.47277734895	14.379959638491759	0.6974090442468992	0.6770342433483955	0.020374800898503742	44.52471923828125	
0	68847	69289	13.446061590964671	14.379959638491759	0.8641002393008819	0.8546613028273506	0.009438936473531223	98.94102478027344	
0	68831	69333	13.435566107512228	14.379959638491759	0.25983886886763874	0.20781252486914803	0.05202634399849071	18.152217864990234	
0	69351	69381	13.288217097501457	13.28821709751178	0.5029249517387617	0.5029249517383756	3.8613556796462944e-13	26.732818603515625	
0	69348	69376	12.863301111965086	12.863301111967047	0.7023783514330099	0.7023783514329645	4.54081217071689e-14	43.220314025878906	
0	69265	69385	14.614134044205969	14.61413404421889	0.7704614103081779	0.770461410307975	2.0294876890147862e-13	63.66743850708008	
0	69311	69383	13.718326087670466	13.718326087668334	0.09861109997905515	0.09861109997919515	1.3999912340523224e-13	15.219098091125488	
0	69256	69379	15.404603831355786	15.404603831352945	0.8554838860331927	0.8554838860332193	2.6645352591003757e-14	106.59436798095703	
0	69250	69377	13.171265844171664	13.171265844179171	-1.0055592590634355	-1.0055592590645785	1.1430856261540612e-12	6.567378044128418	
0	69365	69379	15.404603831355786	15.404603831352945	0.36063607525725827	0.3606360752573762	1.1790568521519162e-13	24.093639373779297	
0	69254	69382	13.038366237588283	13.03836623758586	0.8775999454314278	0.8775999454314506	2.275957200481571e-14	106.52255249023438	
0	69289	69384	12.25705108256929	12.257051082584628	0.3497933143588673	0.3497933143580537	8.135714324453147e-13	18.85100746154785	
0	69326	69377	13.171265844178116	13.171265844179171	0.6811104792709077	0.6811104792708822	2.55351295663786e-14	41.30353927612305	
0	69309	69385	14.614134044205969	14.61413404421889	0.32344183675124694	0.32344183675064875	5.981881656680343e-13	21.600706100463867	
0	69360	69383	13.718326087670466	13.718326087668334	-0.4734792914028849	-0.473479291402656	2.289279876777073e-13	9.310158729553223	
0	69252	69381	13.288217097501457	13.28821709751178	0.4427441494805946	0.4427441494801617	4.3287595730134854e-13	23.845809936523438	
0	69265	69376	12.863301111965086	12.863301111967047	-0.49232572955367604	-0.49232572955390363	2.275957200481571e-13	8.619633674621582	
0	69280	69380	12.95649215758639	12.956492157595452	0.7519995986860467	0.7519995986858732	1.7352785874891197e-13	52.24383544921875	
0	69301	69381	13.288217097501457	13.28821709751178	0.44738972660840637	0.44738972660797716	4.292122213200855e-13	24.04627227783203	
0	3063	15867	8.801021955204671	8.801021955166641	-1.4511270155393476	-1.4511270155287561	1.0591527654923993e-11	3.590602159500122	
0	2956	7142	10.747875415357946	10.747875415304312	-0.7486483365537124	-0.7486483365449865	8.72590888434388e-12	6.146390438079834	
0	1446	12643	10.023552215896634	10.023552215930112	0.45367226040041075	0.4536722603985861	1.8246515409714448e-12	18.34714126586914	
0	946	17129	10.319243809508334	10.319243809511484	-1.158107703591536	-1.1581077035921945	6.585842982076429e-13	4.781616687774658	
0	817	16584	6.642520197774711	6.642520197779786	0.24597666467131207	0.24597666467073598	5.760947274779937e-13	8.809435844421387	
0	1437	4974	8.033744416702287	8.033744416679607	0.8563215120905634	0.856321512090969	4.055644708955697e-13	55.91473388671875	
0	1113	6428	10.42573796381025	10.425737963877959	-0.4934413166030607	-0.4934413166127598	9.699130387730293e-12	6.981016159057617	
0	1109	11290	9.970914341478004	9.970914341508816	-1.0295072839688442	-1.029507283975116	6.271871910712434e-12	4.912972927093506	
0	2095	19207	8.306862918982503	8.306862919004084	-0.024059307295018817	-0.024059307297679355	2.660538456211725e-12	8.111701011657715	
0	296	15172	14.381480685531525	14.381480685651974	-1.5127403447955547	-1.5127403448166001	2.1045387654794467e-11	5.723424911499023	
0	222	3135	9.538666197234626	9.538666197231835	-1.7601776579085247	-1.7601776579077169	8.077982727172639e-13	3.4558160305023193	
0	2391	12379	8.958536993231245	8.958536993264394	-0.6971978894782276	-0.6971978894845074	6.2798655164897355e-12	5.278428077697754	
0	1115	14621	10.507834466120368	10.507834466152545	-0.2300503153306439	-0.23005031533441045	3.766542633343306e-12	8.54260540008545	
0	2461	13934	9.880201036116203	9.880201036092604	-1.340444032558516	-1.3404440325529259	5.590194973592588e-12	4.2215070724487305	
0	2306	15169	9.692759211053067	9.692759211101167	-1.443200429930322	-1.4432004299424466	1.212452360732641e-11	3.967238664627075	
0	1692	9646	9.221869233245023	9.221869233252361	-0.6361914200002832	-0.636191420001585	1.3018475186754586e-12	5.6361799240112305	
0	192	9520	9.806024512802647	9.80602451285929	-1.1046628573521007	-1.104662857364258	1.2157386208855314e-11	4.6591901779174805	
0	2067	17673	9.813383283412637	9.813383283425294	-0.9298596417160634	-0.9298596417185525	2.489120021209601e-12	5.085024356842041	
0	17	12552	8.573555232853037	8.573555232915014	-0.5473909581739298	-0.5473909581851157	1.1185941062308302e-11	5.540652275085449	
0	412	13934	8.35129604958138	8.351296049561377	0.3841339908629092	0.3841339908643844	1.4751533328194455e-12	13.560248374938965	
0	1990	9203	6.738889248491101	6.7388892485001595	-0.31296592630261255	-0.3129659263043776	1.7650325645490739e-12	5.132569789886475	
0	488	4980	11.408396859624132	11.408396859630555	0.7466697590848028	0.7466697590846603	1.425526363618701e-13	45.033695220947266	
0	1515	3445	8.992298863690937	8.992298863662079	-0.39409739456472237	-0.39409739456024817	4.474198789239381e-12	6.450265884399414	
0	1759	19391	9.370489331481318	9.370489331420536	-0.8465854727983821	-0.8465854727864042	1.1977974168075889e-11	5.074495315551758	
0	2493	12654	8.628947533020172	8.628947532999492	0.06605591269665212	0.06605591269889044	2.238320639946778e-12	9.23925495147705	
0	430	3943	9.559701032966295	9.559701032896621	-0.6486729086305136	-0.6486729086184977	1.201594379551807e-11	5.798421859741211	
0	489	6516	9.912663869793535	9.912663869786808	-2.2158525801228808	-2.215852580120698	2.1826984664130578e-12	3.08243727684021	
0	266	12357	10.932524553133169	10.932524553065624	0.82249645605822	0.8224964560593166	1.0966783037247296e-12	61.590457916259766	
0	1464	16236	8.436558386002773	8.436558385984009	-0.5661403332858419	-0.5661403332823587	3.483213717458966e-12	5.386847019195557	
0	1456	9064	9.087441356374285	9.087441356394264	0.5574882034272983	0.5574882034263254	9.728884364790247e-13	20.536043167114258	
0	324	14162	8.585851542482855	8.585851542536737	0.06898182031479905	0.06898182030895628	5.842770711694811e-12	9.222002029418945	
0	9504	31244	11.980307337597251	11.969456215184401	0.32179995845000164	0.32241423581901074	0.0006142773690090975	17.664857864379883	
0	5957	41832	10.421962969689908	10.531915179514021	0.7964391228724877	0.7942915458431894	0.002147577029298353	51.19826126098633	
0	5073	30208	9.65049135926693	9.324054810514562	0.3121648685464484	0.33543151042647223	0.02326664188002381	14.03023910522461	
0	14654	35191	10.83050772116746	11.155190147327074	0.5341058572975632	0.5201390475707637	0.013966809726799534	23.246713638305664	
0	17699	20242	10.881859394839562	10.950928058991867	0.9758140028106622	0.9756604909468855	0.0001535118637767674	449.9239501953125	
0	8010	27150	10.469287504749659	10.548888127903806	0.44782636177373003	0.44362804687673596	0.004198314896994071	18.96013641357422	
0	7276	40509	10.207720596586581	10.3183147499785	0.7773488921272377	0.7749366091357542	0.0024122829914834387	45.84626007080078	
0	6651	27292	9.88266642608682	9.422973258645598	0.46783477195477396	0.4925884880810659	0.024753716126291958	18.5706729888916	
0	19285	43022	10.397879918889071	10.942533540244325	0.2682456848259669	0.22991550205689604	0.03833018276907085	14.20952320098877	
0	12068	24373	10.166816162154314	10.482709470481925	0.6842581307813325	0.674447710089719	0.00981042069161342	32.199771881103516	
0	9081	22880	10.271058498089856	10.91460438262547	0.9790680041395166	0.9777564840275792	0.0013115201119373587	490.68701171875	
0	15714	24231	10.174448743840536	12.066039859036033	0.9625086154171387	0.9555383734159443	0.006970242001194449	271.3809814453125	
0	18519	27737	11.022325366759507	11.368232356419199	0.9633406665334349	0.9621902087797025	0.001150457753732348	300.66900634765625	
0	10054	41244	10.429466532462168	10.617369764241296	0.4236963897977879	0.4133133744723233	0.010383015325464595	18.0971736907959	
0	10347	24435	10.354000600099997	10.658941214887472	0.2098820856365161	0.18661194572960216	0.023270139906913956	13.104373931884766	
0	17415	20247	11.661742507243087	11.82784734802147	0.7139454226986262	0.7098709844243236	0.004074438274302539	40.76754379272461	
0	33598	47424	10.703682022331297	11.123505834412715	0.772076334723204	0.7631366276373209	0.008939707085883097	46.96169662475586	
0	42738	55896	10.755732171416096	11.257101942575757	0.500288017443844	0.47699434683667274	0.023293670607171246	21.523862838745117	
0	19583	60204	9.603988533963125	9.97423634165928	0.63610665179168	0.6220780308772664	0.014028620914413592	26.392316818237305	
0	27453	51289	9.187238767011713	9.78295573926006	0.7872984814516041	0.7735065350533838	0.013791946398220234	43.1931037902832	
0	29309	56686	10.685723541244261	11.363033636614322	0.9950878512830333	0.9947764968012223	0.00031135448181107694	2175.366455078125	
0	41283	46320	10.794565067645017	11.013285632518912	0.9867548234208938	0.9864864483186936	0.00026837510220023564	814.9808349609375	
0	38124	56380	10.250637056809051	10.639092487521324	0.8295984920858734	0.8231410016114806	0.006457490474392813	60.15578842163086	
0	21590	61818	9.211880966824907	9.211880966816413	0.6190052623895468	0.6190052623898982	3.5138558729386205e-13	24.178499221801758	
0	29854	46426	11.448969356403019	11.668887500170166	0.6930860241666528	0.6871906505517591	0.005895373614893673	37.30351257324219	
0	25007	55819	10.805878354571924	11.119539377545285	-0.06357181832406478	-0.09444399859435437	0.030872180270289595	10.159989356994629	
0	48895	65104	11.197533074726582	11.563702634665658	-0.2986594441927024	-0.3411267942793086	0.04246735008660618	8.6223783493042	
0	56532	63981	13.266934221026785	13.579158334167179	0.2051796761509156	0.18647436966598352	0.01870530648493207	16.691740036010742	
0	61501	64471	10.752820224440692	11.460030575591349	-1.8076532051740126	-1.9923118684544785	0.18465866328046587	3.829824924468994	
0	54522	66083	10.461822307649777	11.108169630954912	0.9119934101846136	0.9065562289663095	0.005437181218304055	118.87544250488281	
0	61641	63150	10.699571045985778	10.86725878682835	-0.03969451953078029	-0.05598900688893749	0.016294487358157195	10.291071891784668	
0	54675	65237	10.05640199634326	10.326469025315905	-0.2312382448599708	-0.26430343605536444	0.03306519119539364	8.16771411895752	
0	56420	63290	10.74939217216865	11.247930471408454	0.7467643862625684	0.735019754551533	0.011744631711035347	42.448184967041016	
0	48159	64977	12.821346736116647	13.70476597192888	-1.852904999766098	-2.0494764837615165	0.19657148399541846	4.494137287139893	
0	54777	64905	12.16623275476871	12.391148419516803	0.6696550665535216	0.663548019959895	0.006107046593626597	36.82887649536133	
0	53578	65295	11.072803762573134	11.456018119031931	-0.1473033152114651	-0.1870098891767602	0.03970657396529509	9.651156425476074	
0	64413	67266	10.691147683579603	10.752649748013337	-0.40007034688997467	-0.40812441360335816	0.00805406671338349	7.636150360107422	
0	63690	67948	10.701595476732077	10.988089528769507	0.11849167158937723	0.09489267707868021	0.023598994510697024	12.140095710754395	
0	63893	67397	10.039736152870484	10.251318405328313	-0.3258877025064171	-0.35383010082554356	0.027942398319126482	7.572086334228516	
0	67439	68703	11.723346857299362	11.938076733828531	0.8079502757157682	0.8044326101476511	0.0035176655681170566	61.04328918457031	
0	68006	68636	11.630343877579914	11.938076733828531	0.46089669832965474	0.4466323050681722	0.014264393261482544	21.573497772216797	
0	67235	68509	11.753271979367478	11.918069566825322	0.4206030257800586	0.4124790562420917	0.008123969537966902	20.28535270690918	
0	67060	68556	11.435859132723323	11.429810839911639	-0.22061380874445025	-0.21996824030577078	0.0006455684386794669	9.368941307067871	
0	67963	68643	11.685732674569547	11.775932929096944	-0.013388993294077833	-0.02121117677849993	0.007822183484422096	11.531339645385742	
0	66829	68637	11.693031781174799	11.775932929096944	0.889507884570865	0.8887245185989904	0.0007833659718746722	105.82684326171875	
0	67820	68598	11.689227052319293	11.918069566825322	-1.0603230185219576	-1.1006584058100044	0.04033538728804675	5.673492431640625	
0	68133	68666	11.898446482871353	12.06566138725204	-0.941005528118116	-0.9682834634564723	0.02727793533835632	6.130042552947998	
0	67934	68483	11.681532415052557	11.938076733828531	-0.15991429870266693	-0.18538779079483003	0.025473492092163097	10.071030616760254	
0	68558	68847	13.787763283175332	13.838470991153228	-1.305767189554143	-1.3142471849610557	0.0084799954069128	5.9796857833862305	
0	68696	69076	14.023534820059174	13.838470991153228	-0.403058372400682	-0.384542687310814	0.018515685089868006	9.994976043701172	
0	68591	68932	13.803197453719159	13.838470991153228	-0.9540556026592959	-0.9590491162042378	0.00499351354494193	7.063871383666992	
0	68508	69023	14.125975838736418	13.838470991153228	-0.4411796647842483	-0.411847451237092	0.029332213547156316	9.801675796508789	
0	68734	69185	14.188394628565359	13.838470991153228	0.7676381583996095	0.7733688208837846	0.005730662484175086	61.06163787841797	
0	68615	69081	13.808908526048345	13.838470991153228	-0.5126802579519447	-0.5159186425973492	0.0032383846454044907	9.128768920898438	
0	68514	68845	14.050516261541887	13.838470991153228	0.8887129247929343	0.8903924287708511	0.0016795039779168297	126.25469970703125	
0	68545	68895	14.013908042485685	13.838470991153228	0.8260232582994227	0.8282012350973185	0.0021779767978957754	80.55046844482422	
0	68709	69142	14.018537390826388	13.838470991153228	0.690875759238582	0.6948464223351496	0.003970663096567573	45.34920120239258	
0	69360	69383	14.519712596954534	14.51971259697251	-0.5595558592212433	-0.559555859223174	1.9306778398231472e-12	9.310158729553223	
0	69254	69382	11.443728087459712	11.443728087463885	0.8925699035562555	0.8925699035562163	3.9190872769268026e-14	106.52255249023438	
0	69341	69376	14.41755377847904	14.417553778466988	0.08036287697674538	0.0803628769775141	7.687184222504584e-13	15.677437782287598	
0	69261	69380	14.080920279753006	14.080920279792148	-0.722785585092071	-0.7227855850968599	4.78883599441815e-12	8.173344612121582	
0	69350	69377	13.994148571377227	13.994148571363981	-0.38529328799565365	-0.38529328799434226	1.311395436687235e-12	10.10193920135498	
0	69363	69381	15.579653715655907	15.579653715645055	0.265800978658678	0.2658009786591895	5.114797474448096e-13	21.219932556152344	
0	69312	69379	15.808245947274791	15.808245947290324	0.6786587140366036	0.6786587140362879	3.157474282033945e-13	49.1945686340332	
0	69316	69380	14.080920279812595	14.080920279792148	0.9478485907724261	0.9478485907725018	7.571721027943568e-14	270.0007629394531	
0	69254	69380	14.080920279783031	14.080920279792148	-0.5483056377413515	-0.5483056377423541	1.0025313912365164e-12	9.094406127929688	
0	69333	69380	14.080920279812595	14.080920279792148	0.8331869528091053	0.8331869528093475	2.4225066397320916e-13	84.41138458251953	
0	69369	69385	14.726273169701784	14.726273169687028	0.9871950670100279	0.9871950670100408	1.2878587085651816e-14	1150.046875	
0	69346	69376	14.41755377847904	14.417553778466988	0.22608860883716375	0.22608860883781068	6.469269564490787e-13	18.62946319580078	
0	69312	69377	13.994148571377227	13.994148571363981	-0.5344501459565199	-0.5344501459550675	1.4523937608146298e-12	9.119976043701172	
0	69337	69383	14.519712596954534	14.51971259697251	0.7692255363347733	0.7692255363344876	2.856603842360528e-13	62.917327880859375	
0	69369	69384	13.774496630051676	13.774496630038717	0.9139043711021468	0.9139043711022279	8.104628079763643e-14	159.99066162109375	
0	2118	16659	13.196070492208705	13.196070492131222	-1.1058385363160212	-1.1058385363036565	1.2364775869855293e-11	6.266420841217041	
0	601	14748	11.809240230673506	11.809240230612183	-2.3452605548849657	-2.345260554867594	1.73714376217049e-11	3.5301406383514404	
0	1738	12725	9.874939887752477	9.874939887806738	-2.767915634110293	-2.767915634130997	2.070388305241977e-11	2.6207964420318604	
0	1559	15755	16.897661781266862	16.897661781050335	-3.664113012806135	-3.664113012746369	5.976641404004113e-11	3.6229100227355957	
0	2313	9028	9.274791538325697	9.274791538313293	-1.7582575687446664	-1.7582575687409774	3.68904906622447e-12	3.3625545501708984	
0	1075	14601	11.224200418672362	11.224200418654878	-2.156067117881034	-2.1560671178761175	4.916511642250043e-12	3.5563883781433105	
0	2297	14140	12.475664193613792	12.475664193545047	0.761982563179995	0.7619825631813066	1.31161748129216e-12	52.4149169921875	
0	579	18577	13.906572176934617	13.906572177014295	-0.5726764058277498	-0.5726764058367604	9.01057006785777e-12	8.842615127563477	
0	1694	15791	10.006888216859455	10.006888216874733	-1.7222238939764618	-1.722223893980618	4.156230914986736e-12	3.675997495651245	
0	2386	11609	12.723766055596638	12.72376605563667	-0.015006465440536632	-0.015006465443730077	3.1934455080318003e-12	12.535650253295898	
0	1978	15597	9.274272604124354	9.274272604120572	-1.3918851815340063	-1.391885181533031	9.752199048307375e-13	3.8773903846740723	
0	2575	13703	15.757162050437572	15.757162050325615	0.9394208723733899	0.9394208723738203	4.304334666471732e-13	260.1087646484375	
0	812	12486	11.549911623192719	11.5499116232179	-0.26224100890824786	-0.2622410089109999	2.752020833440838e-12	9.150321960449219	
0	123	18461	9.815181519866073	9.815181519845673	0.6231547064717406	0.6231547064725239	7.832623438730479e-13	26.045652389526367	
0	827	17613	11.647418264580763	11.647418264623406	-2.8356065760105653	-2.8356065760246083	1.404298899387868e-11	3.036656141281128	
0	1325	13382	12.132302578959852	12.132302579042777	-1.4610097909311892	-1.4610097909480104	1.6821211090700672e-11	4.929806709289551	
0	1345	12624	9.262068585539556	9.262068585548604	-0.7254268945264724	-0.7254268945281581	1.6857626405908377e-12	5.367986679077148	
0	2021	3570	11.670159698292878	11.670159698239381	-0.8092525032988604	-0.8092525032905666	8.29381008315977e-12	6.450265884399414	
0	1890	9937	9.649242327500922	9.64924232750607	-1.6384600399660076	-1.6384600399674154	1.4077627952246985e-12	3.657149314880371	
0	1316	13634	11.43052604605345	11.430526046041654	-0.5032362362310607	-0.5032362362295095	1.5512036100062687e-12	7.603945255279541	
0	654	15783	10.673770284214658	10.67377028426652	0.4971087862773249	0.4971087862748814	2.443489854897507e-12	21.224809646606445	
0	2162	6169	9.888746077138858	9.888746077135977	-1.8901882935651448	-1.8901882935643028	8.419931418757187e-13	3.4214885234832764	
0	653	17574	12.358725660020934	12.358725659964637	-0.3637619227488893	-0.36376192274267716	6.212141911987601e-12	9.062231063842773	
0	641	16032	10.997489196038195	10.99748919606209	-0.04283136102354068	-0.04283136102580665	2.2659651932599445e-12	10.545798301696777	
0	1788	10942	13.426520056385225	13.426520056282417	-0.1282628473634202	-0.1282628473547811	8.639089443818193e-12	11.90017032623291	
0	11190	35084	10.693821632051868	10.519483343238603	0.9343834374703295	0.9354531653583414	0.001069727888011962	162.97442626953125	
0	9944	32358	10.24538851931888	10.325410484317773	0.15827874452051705	0.15170445124527465	0.006574293275242393	12.17194938659668	
0	15814	23522	10.730182414847526	10.953540989852703	0.6727764077070373	0.6659649489212578	0.0068114587857794895	32.79159164428711	
0	10488	41205	10.258485597730546	10.35899248448985	0.7314270319934073	0.7287957047253727	0.002631327268034611	38.19626998901367	
0	18878	21191	11.21990280872193	10.849017892172789	-0.00720456240270595	0.026089574493404433	0.03329413689611038	11.139646530151367	
0	6204	24382	9.914808106430375	9.985727678043313	0.31109820725237713	0.30617056573873447	0.0049276415136426666	14.392193794250488	
0	36416	48521	9.739374508180621	9.852673713987187	0.7440798442746062	0.7411026971930124	0.0029771470815938006	38.05630111694336	
0	35101	51306	9.56453108332396	9.564531083326026	0.7083980627468651	0.7083980627468023	6.283862319378386e-14	32.799957275390625	
0	23987	59108	11.299893880620514	11.440063907469598	0.8524886908250863	0.8506588803519939	0.0018298104730923859	76.60357666015625	
0	34073	57024	9.918222501743083	11.157194868440845	0.44310682700099535	0.37354040495035634	0.06956642205063901	17.809919357299805	
0	38530	50922	9.998284102372324	10.85054930231344	0.5498139067432339	0.5114395280146729	0.03837437872856109	22.209224700927734	
0	33062	55691	10.063406506570416	10.063406506593285	0.5283339626372712	0.5283339626361994	1.0718093079731261e-12	21.335872650146484	
0	21769	53737	9.105856128954333	9.437736239313804	0.4811189034387434	0.46220730268957055	0.018911600749172863	17.549022674560547	
0	40224	47849	8.585491490984493	8.585491490968357	0.415357350582792	0.4153573505838909	1.09889874977398e-12	14.68502426147461	
0	53842	64015	11.015054388863526	12.046921341653729	-0.43798182570187527	-0.5726889158597641	0.13470709015788884	7.660079002380371	
0	57279	66037	10.49624637122146	10.942812185696388	0.3936430664980509	0.3678454367268752	0.025797629771175723	17.31034278869629	
0	53092	63662	11.326526530116752	11.415386042417262	-0.06539326168564097	-0.07375154570059594	0.008358284014954975	10.63131046295166	
0	61070	63596	10.825509601167903	11.384746365059236	0.303857607451993	0.26789547419831994	0.035962133253673034	15.550711631774902	
0	51558	65869	9.793935324028075	10.147269563079284	0.390802947113429	0.36882504242114167	0.02197790469228733	16.076793670654297	
0	64992	67853	11.686299055155786	11.814495224839485	-0.2328269031376624	-0.2463507472665305	0.01352384412886809	9.479269981384277	
0	62998	68200	10.783446639955407	10.981752955120268	0.6437640230918873	0.6372128853834622	0.006551137708425081	30.27051544189453	
0	65598	66795	10.878902373841147	10.981752955120268	0.12123816155903566	0.11293023096238952	0.00830793059664614	12.379807472229004	
0	64143	67387	11.189672143664964	11.323532688177783	0.2907878780321066	0.2823036687002486	0.008484209331858006	15.777609825134277	
0	67842	68579	11.089888845344223	11.76578983240552	0.7151307909952281	0.6977687252220865	0.01736206577314159	38.92975616455078	
0	67089	68488	11.309632345821132	11.476021968234198	0.5793265851116935	0.5731375518591366	0.00618903325255693	26.88459014892578	
0	67400	68653	11.316410324865558	11.593897720696942	0.652064537413802	0.6435328827053926	0.008531654708409442	32.524452209472656	
0	68114	68649	11.73728110443515	11.823450426201395	0.3075660027685029	0.30248249429848917	0.005083508470013709	16.95075798034668	
0	66981	68528	11.261082427671884	11.476021968234198	0.388841864819761	0.3771767296402364	0.01166513517952461	18.42580795288086	
0	68688	68745	12.797809023220127	13.158372701589343	0.7911654587870853	0.7852817836819438	0.005883675105141539	61.28205108642578	
0	68934	69372	13.592400798829065	14.915040439480686	-0.3320474479129445	-0.4616653707445211	0.12961792283157658	10.204141616821289	
0	68737	69279	12.845885029353738	14.915040439480686	-0.6278931061699933	-0.8901065558500316	0.26221344968003835	7.891110897064209	
0	68778	69271	13.617333376657825	14.915040439480686	0.4177356622874525	0.36224693166896915	0.05548873061848336	23.386857986450195	
0	68984	69372	14.216328571709969	14.915040439480686	0.23656380506823438	0.19904202671358684	0.03752177835464754	18.621501922607422	
0	69266	69383	12.258630715601734	12.258630715606271	0.32594762669642785	0.3259476266961784	2.4946711363327267e-13	18.186466217041016	
0	69372	69376	12.443365975739528	12.44336597575482	0.61324213563273	0.6132421356322548	4.75175454539567e-13	32.17353057861328	
0	69375	69376	12.443365975739528	12.44336597575482	0.27104295961108116	0.27104295961018543	8.957279362675763e-13	17.07009506225586	
0	69348	69377	12.407314770852361	12.407314770779873	-2.1362613217114075	-2.1362613216930844	1.8323120798413584e-11	3.9560844898223877	
0	69348	69381	13.787619217022819	13.787619217004714	0.3441233679098812	0.3441233679107425	8.613110225041964e-13	21.021665573120117	
0	69316	69383	12.258630715601734	12.258630715606271	0.3043631364833901	0.3043631364831326	2.574607194105738e-13	17.622169494628906	
0	69342	69383	12.258630715602227	12.258630715606271	-0.6437261254703992	-0.6437261254709417	5.424549698318515e-13	7.457830429077148	
0	69335	69379	14.569690869656238	14.569690869691318	-0.689217107721714	-0.6892171077257809	4.0669689838068734e-12	8.625114440917969	
0	69375	69379	14.569690869678972	14.569690869691318	0.6439540023611945	0.6439540023608927	3.0175861809311755e-13	40.92081069946289	
0	1411	3681	11.433029846048267	11.433029846006606	-0.40002556395915434	-0.40002556395405287	5.101474798152594e-12	8.166300773620605	
0	587	5013	10.774395436626293	10.774395436690774	0.5522695071102186	0.5522695071075392	2.6794122476303528e-12	24.06446647644043	
0	2465	11872	13.011649265543623	13.011649265620681	-0.6223637965121831	-0.6223637965217912	9.60809209971103e-12	8.020179748535156	
0	1579	4229	10.458707647681111	10.458707647673045	-2.1436381383788063	-2.1436381383763816	2.424727085781342e-12	3.326943874359131	
0	142	5159	9.626635243643701	9.626635243631393	-0.743020035019911	-0.7430200350176825	2.2284396550276142e-12	5.522963047027588	
0	254	13119	10.896177966359737	10.896177966359955	-2.429471606909486	-2.429471606909555	6.88338275267597e-14	3.177217721939087	
0	2081	6656	11.145586851631606	11.145586851664957	-2.5419716408891553	-2.541971640899754	1.0598633082281594e-11	3.1467182636260986	
0	2961	11752	8.890182020361832	8.89018202035773	-0.5364868240655891	-0.5364868240648804	7.087663789206999e-13	5.786045074462891	
0	175	14119	9.511857883583112	9.51185788357094	-1.3523662546966504	-1.3523662546936404	3.0100366643637244e-12	4.043527603149414	
0	222	5695	9.746459019627387	9.746459019616466	-1.7096561350006998	-1.7096561349976636	3.036237927744878e-12	3.596935749053955	
0	187	15661	9.520827282172737	9.520827282195022	-0.09688127442927374	-0.09688127443184102	2.567279722143212e-12	8.679906845092773	
0	1992	12788	9.193371332329455	9.193371332279751	-2.507854019063757	-2.5078540190447915	1.8965273795856774e-11	2.6207964420318604	
0	556	5766	12.200433665348392	12.200433665349797	-0.2570301000504611	-0.2570301000506059	1.4477308241112041e-13	9.705760955810547	
0	1469	9838	9.684599240030781	9.684599240020411	0.15317950644481615	0.15317950644572287	9.067191442113653e-13	11.43642520904541	
0	1170	15401	9.927594969314594	9.927594969349455	0.38821864580269616	0.38821864580054777	2.1483925749521404e-12	16.227357864379883	
0	2073	5388	10.50373505834964	10.503735058343233	-0.3389882682590353	-0.3389882682582184	8.169021015191902e-13	7.844531059265137	
0	1379	11857	9.115119453568667	9.115119453573385	-0.9376839651442603	-0.9376839651452631	1.0027534358414414e-12	4.704131126403809	
0	2907	11229	9.50651190095615	9.50651190093226	-2.4115144464137472	-2.4115144464051737	8.573586285365309e-12	2.7865958213806152	
0	2067	16393	10.546156440983948	10.546156440955974	0.195016544423663	0.1950165444257983	2.1352919432615636e-12	13.10108470916748	
0	1026	14081	10.952292946727878	10.952292946801649	0.9671928075166697	0.9671928075164488	2.2093438190040615e-13	333.8381652832031	
0	1089	5392	10.82434686147138	10.824346861418555	0.3717539713416106	0.3717539713446766	3.0659919048048323e-12	17.22947120666504	
0	677	14498	10.692457585451114	10.692457585503638	-1.4046565851056672	-1.4046565851174795	1.1812328892801816e-11	4.446563243865967	
0	519	5507	9.455265311368072	9.455265311309526	-1.5009396035976739	-1.5009396035821885	1.5485390747471683e-11	3.7806851863861084	
0	308	11082	10.91966359104076	10.91966359103052	-2.335588260122159	-2.335588260119031	3.127720304973991e-12	3.273684501647949	
0	2174	9247	10.093087374705771	10.093087374709025	-0.46438210738023655	-0.4643821073807086	4.720668300706166e-13	6.892386436462402	
0	1219	11569	10.140434269821966	10.140434269823078	-0.8542600535931162	-0.8542600535933196	2.0339285811132868e-13	5.468722820281982	
0	2344	15428	9.68539207977884	9.685392079801654	-0.593937824083127	-0.5939378240868816	3.754552224677354e-12	6.076392650604248	
0	1188	13346	9.567554455489647	9.567554455537058	-0.33385061633780055	-0.3338506163444104	6.609823799408332e-12	7.172883033752441	
0	2705	14504	11.094985473454118	11.094985473473459	-0.9794237619132742	-0.9794237619167248	3.4505731605349865e-12	5.605159282684326	
0	2420	3674	12.55775182501175	12.557751824988545	-1.216405706956663	-1.2164057069525676	4.0953906932372774e-12	5.665818214416504	
0	48	7432	11.89297696094658	11.892976960903244	-0.9579852818214694	-0.9579852818143348	7.134515200846181e-12	6.074089050292969	
0	12609	31651	11.63807521077256	11.536084457909162	0.8060120010048468	0.8077120228474335	0.0017000218425866631	59.99378967285156	
0	7735	23033	12.156220293242145	12.550986221235503	0.4083892011651338	0.38917699701128416	0.01921220415384961	20.547664642333984	
0	14020	44491	11.48812048359364	11.177085267373279	-0.4973099104671439	-0.45677098049890996	0.04053892996823394	7.672506809234619	
0	9924	39422	9.810560875601468	11.074530757297923	-0.45488767825257725	-0.6423320282627696	0.18744435001019233	6.743174076080322	
0	13288	35130	9.920956630438697	9.802660684895324	0.18793725429941388	0.1976201643172305	0.009682910017816626	12.2169828414917	
0	11208	36292	10.863879739024542	11.423619611924025	0.9156046782504013	0.9112563765566941	0.004348301693707146	128.72608947753906	
0	18395	41011	11.927112174461236	12.20457828300681	0.28840147356263535	0.27184721708468285	0.0165542564779525	16.76101303100586	
0	9944	34332	11.399001420460063	10.63664443368392	0.78568709557041	0.8000201879196162	0.0143330923492061	53.18859100341797	
0	39120	51655	12.037230468440493	12.470539038188972	0.004532543270275635	-0.03130166136987178	0.035834204640147416	12.09203815460205	
0	36878	57630	11.320731147078106	11.842468054997111	0.5706434281577826	0.5508557335930654	0.019787694564717184	26.366735458374023	
0	29892	52073	11.247249889648119	11.588948447517145	0.6216800744742952	0.610186476107264	0.011493598367031232	29.729467391967773	
0	36443	48244	10.227049537930057	10.453477528562539	-0.17075184450606806	-0.19667241785399314	0.02592057334792508	8.735454559326172	
0	37940	46599	11.045724576454518	11.731886977388097	0.2679905994203241	0.22251804356116622	0.04547255585915788	15.089593887329102	
0	26990	45480	9.88587418893577	10.563886832719195	-0.09516175507252855	-0.1702723120891516	0.07511055701662306	9.026862144470215	
0	22095	62309	10.290017478938903	10.758683559821845	0.3923174582222423	0.3646401296016757	0.0276773286205666	16.933212280273438	
0	57309	64670	10.425223984380013	10.75252209208263	-0.005404703415173628	-0.03696921055632818	0.03156450714115455	10.369181632995605	
0	53743	64574	10.928687633487336	11.216403627834556	0.5197946668687734	0.5071524577082394	0.012642209160534046	22.758363723754883	
0	58153	63936	10.418103200092375	10.554711691640154	0.6938909691548738	0.6898770817754002	0.004013887379473613	34.03396224975586	
0	56512	65402	11.03733836892392	11.181191509716548	0.20902783433923944	0.198718842578127	0.01030899176111244	13.954142570495605	
0	45056	64244	10.259299148752017	10.722773666840402	-0.013387245248692503	-0.05916806890131854	0.045780823652626035	10.123769760131836	
0	51965	65968	10.478651413023726	10.96078690559525	0.6364763703352041	0.6197502061236542	0.016726164211549932	28.825227737426758	
0	56451	65592	11.037872681920952	11.303403446988854	0.9352043932574718	0.9336456484225578	0.0015587448349140276	170.34909057617188	
0	45050	64236	10.385081987919197	10.477544422311048	-0.2160445631911987	-0.2268714821093576	0.010826918918158901	8.540050506591797	
0	46804	65118	11.136487193835043	11.367016385952937	0.12737791344011729	0.10931433009129954	0.018063583348817747	12.762096405029297	
0	49372	62988	10.702170688504355	10.901594989057784	0.6342204646163112	0.6274045269786314	0.0068159376376798475	29.258527755737305	
0	63543	67691	10.739596881615963	11.130457650570563	0.94801971434717	0.9461279250514727	0.0018917892956973326	206.60903930664062	
0	63166	68180	10.553821591392783	11.11483940099894	0.8167633681550008	0.8070229141453243	0.009740454009676491	57.5966796875	
0	63639	67050	10.16629874854733	10.798086478321556	-0.07576094240259801	-0.1426144335689319	0.06685349116633388	9.450332641601562	
0	64187	66890	10.11760277536494	10.832141794312763	0.8608723207026774	0.851046657679451	0.009825663023226405	72.72171020507812	
0	64889	66274	10.256563717503017	10.798086478321556	0.4797141299363461	0.45224424347808334	0.02746988645826276	19.71332359313965	
0	66564	68561	11.1033909654922	11.4490333246284	0.3700955592034766	0.3504869857844256	0.01960857341905098	17.627103805541992	
0	68182	68606	11.177386087681835	11.57771642364965	-0.6413288657817007	-0.7001148584205517	0.05878599263885098	6.809961318969727	
0	67996	68626	10.923767832558067	11.312747845639613	-0.1823718162720429	-0.22447441416779568	0.04210259789575277	9.238860130310059	
0	66935	68659	11.367782798368651	11.542346855698046	0.9325535719110796	0.9315178622790072	0.0010357096320723347	168.5453643798828	
0	67455	68623	11.103992876775385	11.4490333246284	0.8186669305082115	0.8130322687966688	0.005634661711542699	61.23534393310547	
0	67695	68489	11.534152603929977	11.78270210981197	0.9247232749440525	0.923101136460234	0.001622138483818536	153.22335815429688	
0	67035	68673	11.548442370660773	11.802483607024651	0.1324060231205183	0.11332079591201927	0.019085227208499034	13.310883522033691	
0	66782	68500	11.363405918332749	11.542346855698046	0.29480242964493897	0.2836975975924746	0.011104832052464375	16.11379051208496	
0	68506	69029	13.603739384727696	13.404232563141072	0.15188369574783311	0.16432181907641608	0.012438123328582962	16.039945602416992	
0	68718	69079	13.488093138204464	13.404232563141072	-0.10470371268935685	-0.09783535200474747	0.006868360684609387	12.20969295501709	
0	68673	69232	13.332164872070942	13.404232563141072	-0.010521664264532493	-0.015984090196006884	0.005462425931474391	13.19334888458252	
0	68663	69044	13.916927235357955	13.404232563141072	0.41070695782442423	0.43241630486550797	0.021709347041083737	23.616310119628906	
0	68500	69050	13.536411154490853	13.404232563141072	-0.8525195711955151	-0.8344303284432153	0.01808924275229984	7.307027339935303	
0	69132	69316	14.206886843710357	13.835030632448131	-0.7206337063583323	-0.6755972153905905	0.04503649096774187	8.256775856018066	
0	68764	69301	14.206886843710357	13.835030632448131	0.7199165623437763	0.7272475678701738	0.007331005526397427	50.7237663269043	
0	69107	69318	14.206886843710357	13.835030632448131	0.5121798320791069	0.5249482141613979	0.01276838208229103	29.123205184936523	
0	69107	69255	14.206886843710357	13.835030632448131	-0.27874652278562184	-0.2452761473009093	0.033470375484712545	11.110010147094727	
0	69206	69302	14.206886843710357	13.835030632448131	-0.614072582126022	-0.5718252606899861	0.042247321436035934	8.801888465881348	
0	69316	69384	11.680681364130745	11.680681364131196	-0.07203947946869627	-0.07203947946873779	4.1522341120980855e-14	10.895756721496582	
0	69316	69378	14.543326666490357	14.54332666657932	-1.2306746852113881	-1.2306746852250336	1.3645529151062874e-11	6.519698619842529	
0	69369	69380	14.80168740503802	14.8016874050528	0.4153231753634403	0.41532317536285657	5.837552663479073e-13	25.316015243530273	
0	69362	69380	14.80168740503802	14.8016874050528	0.928621189671391	0.9286211896713197	7.127631818093505e-14	207.3680877685547	
0	69369	69377	13.923903527204653	13.923903527131769	-1.1494849303943666	-1.1494849303831152	1.1251444220761186e-11	6.477786064147949	
0	69301	69378	14.543326666580782	14.54332666657932	0.3660148665291997	0.3660148665292634	6.372680161348399e-14	22.939538955688477	
0	69316	69376	11.831816010467671	11.831816010482173	0.31044672854365585	0.31044672854281063	8.452127886471317e-13	17.158668518066406	
0	69320	69378	14.543326666585465	14.54332666657932	-0.42632939555524385	-0.4263293955546412	6.02629057766535e-13	10.196331024169922	
0	69365	69385	14.151080369680486	14.151080369681369	-0.8075794840341264	-0.8075794840342392	1.127986593019159e-13	7.8287458419799805	
0	69339	69385	14.151080369651503	14.151080369681369	-0.09483916133002412	-0.09483916133233494	2.310818203454801e-12	12.925259590148926	
0	69356	69378	14.543326666580782	14.54332666657932	0.12248937462027076	0.12248937462035892	8.815170815523743e-14	16.57339096069336	
0	69348	69380	14.80168740503802	14.8016874050528	0.9342143077361414	0.9342143077360758	6.561418075534675e-14	224.9985809326172	
0	69274	69379	14.557127142924818	14.55712714292116	-0.18186652912156376	-0.18186652912126688	2.9687363678476686e-13	12.317065238952637	
0	69274	69376	11.831816010467671	11.831816010482173	0.5634102332165551	0.56341023321602	5.351274978693255e-13	27.100534439086914	
0	1953	17120	12.734945244003734	12.734945243929356	-1.0626326366082086	-1.0626326365961618	1.2046807995602649e-11	6.174121856689453	
0	59	10253	12.135966844844063	12.135966844894375	-0.6062823474888712	-0.6062823474955303	6.659117701701689e-12	7.555313587188721	
0	596	14490	9.406835633586109	9.40683563356202	-1.1155147354353945	-1.115514735429977	5.417444270960914e-12	4.44659423828125	
0	235	5941	10.16290557217156	10.162905572188972	0.09404025697344387	0.09404025697189178	1.5520917884259688e-12	11.217833518981934	
0	3045	12018	10.553960800187355	10.55396080016159	-0.31592571876147546	-0.3159257187582629	3.212541344055353e-12	8.020179748535156	
0	1768	15284	9.503380454133065	9.503380454130028	0.8887436511631842	0.8887436511632197	3.552713678800501e-14	85.41876983642578	
0	1631	5535	11.8265240545148	11.826524054576305	0.3135875203215851	0.3135875203180154	3.569700091077266e-12	17.22947120666504	
0	3045	8178	10.553960800187355	10.55396080016159	-1.9594341133230144	-1.95943411331579	7.224443265840819e-12	3.566209077835083	
0	465	4472	11.8454800158383	11.845480015770745	-3.008117004494018	-3.00811700447116	2.2858159809402423e-11	2.9553728103637695	
0	2579	3721	13.199373702927147	13.199373702804154	-2.9162104067684202	-2.9162104067319286	3.6491698551799345e-11	3.370445489883423	
0	2039	17147	9.737598674705634	9.737598674754636	-0.5771633441531889	-0.5771633441611257	7.936762358440319e-12	6.174121856689453	
0	1857	14288	7.95017760052339	7.9501776005685	0.9087130631788466	0.9087130631783287	5.179190409876355e-13	87.08998107910156	
0	1026	5889	11.171873400705142	11.171873400696596	-1.3678905419303824	-1.3678905419285714	1.8109957977685553e-12	4.718070030212402	
0	3009	9200	9.451703623230452	9.451703623229374	-1.8108699746596169	-1.8108699746592962	3.206324095117452e-13	3.3625545501708984	
0	528	9352	14.266142497972734	14.266142498101363	-3.3018718857931466	-3.3018718858319343	3.878763976672417e-11	3.3162639141082764	
0	1169	11304	10.670393113531595	10.67039311346944	-1.1718811139153082	-1.171881113902657	1.2651213410208584e-11	4.912972927093506	
0	1266	16953	8.165313799970765	8.16531379994543	0.9955712883742313	0.995571288374245	1.3766765505351941e-14	1843.72216796875	
0	1457	9576	12.230822951737395	12.230822951658645	-0.9714105723287358	-0.9714105723160427	1.2693179840539415e-11	6.204097270965576	
0	3028	18426	11.623892188209624	11.62389218829077	-0.4991284730037524	-0.4991284730142178	1.0465406319326576e-11	7.7537665367126465	
0	56	18444	15.490284910696603	15.490284910483462	-1.7721763118115064	-1.7721763117733622	3.814415450165143e-11	5.587770462036133	
0	2969	7148	7.3563336425561765	7.356333642582599	-0.42076474321081236	-0.4207647432159154	5.1030291103870695e-12	5.177728176116943	
0	362	13141	13.780191995718186	13.780191995697681	-3.3371884465342845	-3.337188446527831	6.45350439754111e-12	3.177217721939087	
0	1512	19060	15.173571875632831	15.173571875641487	-2.48707206672631	-2.4870720667282993	1.9890755709184305e-12	4.351378917694092	
0	1256	14644	8.54462072069338	8.544620720713128	0.6732948025124449	0.6732948025116898	7.55062679047569e-13	26.15391731262207	
0	501	14970	7.6528110693125075	7.652811069301554	0.14219572046624906	0.14219572046747686	1.2277956429329606e-12	8.921395301818848	
0	2191	16423	8.341504651397297	8.341504651381673	0.3632966401964921	0.3632966401976848	1.1927125953548057e-12	13.10108470916748	
0	824	18124	17.178079469150138	17.178079469260858	-2.5031119766208425	-2.5031119766434218	2.2579271785616584e-11	4.90366268157959	
0	3275	40019	10.600293745987035	10.88536884427883	0.6313460292802773	0.6214317694062647	0.009914259874012621	28.754047393798828	
0	16507	36224	11.101585175345413	10.95473789553845	0.8060783540310649	0.808643471152309	0.002565117121244076	57.24778747558594	
0	11110	43457	11.131899299938993	10.915215378108396	0.27706328696667815	0.29113534762718374	0.014072060660505592	15.398165702819824	
0	13713	39546	10.703581366580124	10.574014673428934	0.9364888796501646	0.9372576808168235	0.0007688011666588945	168.53082275390625	
0	3216	37418	11.605295349456778	11.47047697692507	-2.1747773210949886	-2.137896026936401	0.03688129415858743	3.6554675102233887	
0	4634	30832	10.683245935275082	10.87524048732163	0.59718556606678	0.5899463639301401	0.007239202136639866	26.521507263183594	
0	15475	41885	10.43489685324978	10.630300699278049	0.7081662790019664	0.7027014016499687	0.005464877351997632	35.756309509277344	
0	21456	57959	10.215521371677417	10.21552137170012	0.8059462388666848	0.8059462388662535	4.313216450668733e-13	52.642738342285156	
0	57602	65421	10.72801593390772	11.072812278844665	0.8108488950862349	0.8047696153744183	0.006079279711816654	56.716644287109375	
0	56142	63544	10.044081633040825	10.14657247964595	0.18242673074203775	0.1740841286416802	0.008342602100357532	12.285237312316895	
0	46914	65563	10.0714156518968	10.27864384933327	0.8341839667662883	0.8307721566632452	0.0034118101030430337	60.73849105834961	
0	46278	65628	10.375040574336069	10.548755497561737	0.26195411170538396	0.24959660968854736	0.012357502016836608	14.057446479797363	
0	61623	65467	10.806568390414203	11.053092416228747	0.9170306562290996	0.9151379243361764	0.0018927318929232717	130.2477264404297	
0	65033	68437	11.320238928477576	11.577450854226864	0.9369428944643967	0.9355101473598999	0.001432747104496812	179.5236053466797	
0	65247	68090	11.397828090083998	11.336803793271635	0.5066919329708025	0.5093331184374015	0.002641185466598972	23.104888916015625	
0	63254	67672	10.332923246035596	11.4310145386505	0.013368167869427627	-0.09148229874900382	0.10485046661843145	10.47292709350586	
0	65093	67019	11.063406909572773	11.468087833030202	0.7398601550715423	0.7303446745749667	0.00951548049657569	42.528690338134766	
0	64618	66345	10.915063952671058	11.468087833030202	0.6667213886877259	0.6498354563956373	0.016885932292088568	32.75056838989258	
0	63737	66380	10.971876383734466	11.629572828344548	0.9512148183496664	0.9482904470389717	0.0029243713106946734	224.90182495117188	
0	66519	68604	11.312337943816758	11.688654340394764	0.818376966731416	0.8123350922970902	0.0060418744343258	62.28470993041992	
0	67876	68615	11.448674447489296	11.738006364671426	-0.2692458545790213	-0.301322348514208	0.032076493935186745	9.020060539245605	
0	67566	68491	11.90428136657811	11.968972425815329	0.5533374978184551	0.550910213928073	0.002427283890382048	26.65162467956543	
0	67856	68629	11.255870429590818	11.664872922171945	0.7894175700078644	0.7817656749990032	0.007651895008861209	53.45113754272461	
0	67875	68531	11.267833311929408	11.552127401458417	0.5006891955225881	0.48809128901995835	0.012597906502629708	22.5667724609375	
0	67523	68577	11.466377530903506	11.664872922171945	0.4959196321091298	0.48719345598370856	0.008726176125421259	22.747121810913086	
0	66204	68626	11.341858675478566	11.688654340394764	0.44548349853325	0.4285282600370296	0.01695523849622038	20.45359992980957	
0	66417	68499	11.25856757040524	11.552127401458417	0.8273878559529763	0.8228871064990786	0.004500749453897668	65.22465515136719	
0	67672	68728	11.303928698107365	11.75140430031617	0.1693224616514859	0.13643938695763502	0.03288307469385088	13.60808277130127	
0	67083	68542	11.264516850416111	11.552127401458417	-0.43007505068006857	-0.4665883498139549	0.036513299133886346	7.876871109008789	
0	67689	68626	11.33068529982044	11.688654340394764	0.044382477782954455	0.014191763052798567	0.030190714730155888	11.856925010681152	
0	67688	68679	11.430180570945515	11.607721351248934	0.38398001181115227	0.37441160047182875	0.009568411339323513	18.554885864257812	
0	66219	68572	11.226090519493663	11.552127401458417	0.8054632808785762	0.79981339366095	0.0056498872176262704	57.70679473876953	
0	68592	68978	13.925692950506948	14.542393611765407	0.6114092981915527	0.5942005213202061	0.017208776871346587	35.836402893066406	
0	68710	68948	13.559080204757171	14.542393611765407	0.4681418345897672	0.42957113091539856	0.038570703674368656	25.493789672851562	
0	68583	69176	13.617623860214696	14.542393611765407	0.12900347439096083	0.06985429764344686	0.059149176747513965	15.634532928466797	
0	68633	69057	13.610998718437479	14.542393611765407	0.8150513455611196	0.8023953872559512	0.012655958305168413	73.59339141845703	
0	68541	68900	13.727643171792876	14.542393611765407	0.7911701839773231	0.778775908983822	0.012394274993501098	65.73603057861328	
0	68583	68972	13.617623860214696	14.542393611765407	0.9300297815419234	0.9252781198567691	0.004751661685154285	194.6202850341797	
0	69359	69379	16.061204789263318	16.06120478928803	0.9479781706759371	0.9479781706758571	8.004708007547379e-14	308.7397155761719	
0	69335	69384	14.608519611586933	14.608519611610117	-0.8274709651289371	-0.8274709651318373	2.900124584925834e-12	7.993844985961914	
0	69330	69383	15.444908263368479	15.44490826332226	-1.6964696954301188	-1.6964696954220493	8.069545032185488e-12	5.72782564163208	
0	69277	69380	15.402446842651528	15.402446842671518	-0.33016490104705554	-0.3301649010487817	1.7261747586871934e-12	11.579351425170898	
0	69339	69378	15.047974083001929	15.047974083015815	0.5857534039786234	0.5857534039782413	3.821387650759789e-13	36.32612609863281	
0	69334	69382	14.742345821597684	14.742345821547014	-4.073863451554164	-4.073863451536725	1.743938327081196e-11	2.9055464267730713	
0	69362	69380	15.402446842651528	15.402446842671518	0.9257241217373701	0.9257241217372737	9.636735853746359e-14	207.3680877685547	
0	69316	69383	15.444908263349635	15.44490826332226	0.12355239415571861	0.12355239415727204	1.553424056055519e-12	17.622169494628906	
0	69339	69383	15.444908263349635	15.44490826332226	0.508816106355074	0.5088161063559447	8.706368959110478e-13	31.44424819946289	
0	69370	69380	15.402446842655957	15.402446842671518	-1.6815922419336546	-1.6815922419363636	2.708944180085382e-12	5.74376916885376	
0	69302	69381	14.89709378907069	14.897093789083659	0.3675448600146022	0.3675448600140515	5.506706202140776e-13	23.55438804626465	
0	69263	69385	11.717812823060356	11.717812823062228	0.8246208450064194	0.8246208450063914	2.7977620220553945e-14	66.81417083740234	
0	69327	69379	16.061204789263318	16.06120478928803	0.5637045415140518	0.5637045415133803	6.714628852932947e-13	36.812679290771484	
0	69372	69378	15.047974083001929	15.047974083015815	0.4820402861725892	0.48204028617211125	4.779510121011299e-13	29.05240249633789	
0	69341	69378	15.047974083001929	15.047974083015815	0.43353733317463794	0.43353733317411514	5.228040222959862e-13	26.56481170654297	
0	69327	69380	15.402446842651528	15.402446842671518	-0.07344751044959463	-0.07344751045098774	1.3931078512996464e-12	14.348579406738281	
0	69317	69385	11.717812823060356	11.717812823062228	-0.16342167435841337	-0.16342167435859922	1.858513343222512e-13	10.071853637695312	
0	69365	69381	14.89709378907069	14.897093789083659	0.4313949904772757	0.43139499047678065	4.950484466803573e-13	26.199371337890625	
