0	1416	11620	10.727798527999845	10.727798527976192	0.16451241140344466	0.16451241142512954	2.1684876116978558e-11	10.907236099243164	
0	2451	12649	9.998045837378097	9.998045837369862	0.060900080305121854	0.06090008031330864	8.186784583585904e-12	10.059307098388672	
0	2090	8965	5.021976033480736	5.021976033465177	-1.4259927126952434	-1.4259927126598428	3.540057136319774e-11	4.395220756530762	
0	1609	9364	11.447783280930494	11.4477832809847	0.3222780577262708	0.3222780576804463	4.5824455341403336e-11	11.82900619506836	
0	1431	16491	4.97325553441209	4.973255534391526	-1.6917727699411604	-1.6917727698928169	4.8343551384277816e-11	4.253636837005615	
0	350	7775	3.870898995303208	3.8708989952916335	-1.1826977007558883	-1.1826977007224528	3.3435476609611214e-11	3.4615073204040527	
0	2221	5158	28.75707401635078	28.757074015920836	0.6855893091932453	0.6855893093325051	1.3925971487083189e-10	30.87374496459961	
0	1718	15531	4.343422624363764	4.343422624354081	-1.2019224103194495	-1.201922410294476	2.497335671591827e-11	3.8773903846740723	
0	1831	15555	4.0122757331372325	4.012275733139234	-1.7727653050391372	-1.772765305045008	5.870859354217828e-12	3.40809965133667	
0	898	17121	6.619866786400701	6.619866786406046	-0.43210886380358204	-0.4321088638120042	8.422151864806438e-12	6.345664978027344	
0	2800	16056	6.006496510623655	6.006496510613718	-1.0042373335860513	-1.0042373335678458	1.8205437157803317e-11	5.458348751068115	
0	2226	14633	17.008659312701035	17.0086593129309	0.4543750386164115	0.4543750384874069	1.2900458479236931e-10	17.81827735900879	
0	1222	5427	16.697860336531523	16.69786033675526	0.4325277242122262	0.43252772408403095	1.2819523220741758e-10	17.452739715576172	
0	1139	16409	5.736567686571483	5.7365676865708	-1.0502050704920054	-1.0502050704906887	1.3167245072054357e-12	5.1913676261901855	
0	2096	14600	17.10272694667511	17.10272694644261	0.4015822618070898	0.4015822619375743	1.3048451208419465e-10	17.81827735900879	
0	1257	16436	5.698873510561594	5.698873510556609	-0.9775957337543708	-0.9775957337447696	9.601208716958354e-12	5.1913676261901855	
0	16535	32119	7.086415599563153	6.8988118199007396	-0.6398990109655657	-0.3582213078110175	0.28167770315454815	6.660228252410889	
0	19374	44095	10.500033873236186	11.260683331019743	0.9419863565938449	0.2858005528494412	0.6561858037444037	11.5919828414917	
0	13583	38285	14.767869395831951	33.60634369759444	6.147214681076817	1.2324503860169502	4.914764295059867	38.33037185668945	
0	15531	23903	10.489816860800504	9.858820602564046	-0.5934330289897695	0.043796075376209005	0.6372291043659785	9.902188301086426	
0	11942	23912	10.354656036199062	13.908828186660406	2.8256146199096537	0.3630508586942505	2.462563761215403	14.432812690734863	
0	15611	32780	9.190411807846798	17.769637109706025	5.17476124181781	0.6704135251721056	4.504347716645705	19.04654312133789	
0	6030	37389	9.833995407139213	118.38254471300947	9.324198726328397	1.8646418688117898	7.459556857516608	145.51608276367188	
0	9166	27057	9.71970365527259	10.024783414818067	0.7419100145730685	0.45131927572145136	0.2905907388516171	10.498605728149414	
0	19127	21185	10.290413850119565	15.4519873801656	3.637280793636873	0.4458014699653724	3.191479323671501	16.17298126220703	
0	17037	35834	5.908685068653083	5.8249229468656045	-1.4694015737448087	-1.3068101679942725	0.1625914057505362	5.151694297790527	
0	15911	39483	9.392577139243553	56.96103282429318	8.614574091418547	1.5981216353693866	7.01645245604916	67.79559326171875	
0	15834	29448	10.272050347646681	17.250395945231393	4.591382192922966	0.9170228405390226	3.6743593523839433	18.992006301879883	
0	10945	22564	8.86081615944525	13.812408139130957	4.028819177359132	0.6920101815958414	3.336808995763291	14.839303016662598	
0	25432	61751	35.460920516693875	35.46092051637354	0.7317222612445285	0.7317222613282527	8.37241387330323e-11	38.260528564453125	
0	39876	46568	9.515348411043528	16.71069217002387	4.8379566403339735	0.9345077210646571	3.9034489192693167	18.433298110961914	
0	28593	60775	7.274890365415137	7.2740683637959895	-0.64986015206572	-0.6486568071561783	0.0012033449095416593	6.830972671508789	
0	27088	59653	7.3322632967377706	7.332263296724033	-0.5019094671922765	-0.5019094671725989	1.9677592888456275e-11	6.981838226318359	
0	39284	61119	8.543549948627605	86.1732719399543	9.187795465904188	1.8078172880881453	7.379978177816042	105.18963623046875	
0	20341	49502	8.558792886508993	14.040643215377099	4.338338489798335	0.7120816772797413	3.6262568125185934	15.117104530334473	
0	23917	52579	8.93123453299052	10.079397129702107	1.3221703476958482	0.2065844350645541	1.1155859126312941	10.292014122009277	
0	31933	57614	9.941415767829662	23.443983671950956	6.22065664078647	1.0875004050412587	5.133156235745211	26.304611206054688	
0	56600	63225	8.433432440655647	24.89426190759148	7.049532996799887	1.2906519564577248	5.758881040342162	28.58338165283203	
0	50572	64573	10.496178040144107	30.61978189343814	7.042764492759356	1.3730592323302218	5.669705260429135	35.49320983886719	
0	47682	64399	10.214142153090675	32.117452407235504	7.27982267835038	1.446646780719866	5.833175897630514	37.54954528808594	
0	56876	63019	11.374752123338935	16.775752063354066	3.733687295335983	0.7582945856729797	2.9753927096630033	18.152225494384766	
0	63566	68060	9.302164077724067	11.504666687727433	2.1225165884114	0.25734009514456263	1.8651764932668375	11.808547973632812	
0	65714	66235	8.347774277208192	7.903759972031664	-0.933544195361973	-0.3519939679827933	0.5815502273791797	7.635012149810791	
0	64674	67614	9.144443242183947	16.296519198952048	4.906823263485005	0.9233345024896669	3.9834887609953378	17.954301834106445	
0	64958	67022	9.471418628242464	50.78264022399824	8.447794347836531	1.6775823895663826	6.770211958270148	61.01909637451172	
0	63342	67782	9.802115482100765	10.453530694401303	0.6606897303388227	0.0400309763013651	0.6206587540374576	10.495545387268066	
0	63343	66234	9.50836276325754	10.883566907891417	1.3226502745783566	0.06763638796585038	1.2550138866125062	10.957680702209473	
0	64099	66552	9.268039904115213	11.308788007181542	2.1423810295603247	0.41219631149251545	1.7301847180678092	11.79497241973877	
0	64010	66568	9.174978278220388	10.008026077769388	0.8776984337998586	0.04943344873883483	0.8282649850610238	10.057744979858398	
0	63183	68238	8.728779148217319	24.017413707279502	6.838231168914586	1.3003286286068207	5.5379025403077655	27.60726547241211	
0	64588	66774	8.927588952406722	18.43698561395442	5.639849415492692	0.9955494109565812	4.6443000045361105	20.475414276123047	
0	67903	68601	10.246330342381517	62.221444022829225	8.636798799418193	1.7218804821258442	6.914918317292349	75.16374206542969	
0	67672	68690	10.340918936951443	26.22305139313178	6.606774704881414	1.3952790999634848	5.211495604917929	30.475191116333008	
0	66681	68550	9.650743655034022	24.157142118031476	6.533459507410566	1.3227711427489333	5.210688364661633	27.839696884155273	
0	68377	68613	9.740362519946743	8.12850612883945	-2.375289708788926	-0.32739983117225485	2.0478898776166714	7.870815753936768	
0	67999	68591	5.837153932980021	5.764039490563602	-1.4283795521641387	-1.285231091754582	0.14314846040955675	5.107595443725586	
0	67035	68522	11.031488579599385	17.99425297313279	4.36087511505471	0.8016185671944067	3.5592565478603033	19.56241226196289	
0	68115	68527	10.843465525849572	9.047038895829555	-2.33813554506563	-0.29408835322325416	2.0440471918423757	8.78857707977295	
0	68526	68947	10.941792919569256	11.145534347058527	0.13287845911633236	-0.05085207231735113	0.1837305314336835	11.089143753051758	
0	68481	68840	11.311155645943039	19.47643425792214	4.683860819206379	0.8462549272914102	3.8376058919149694	21.27701187133789	
0	68525	69029	13.509872296462209	17.000373732900805	2.4626245360293213	0.5152175356791989	1.9474070003501223	17.92384147644043	
0	68532	69132	10.127707911012457	21.38553975889689	5.752099475588937	1.0301870517166025	4.721912423872335	23.841678619384766	
0	69023	69313	10.798437785131501	12.663131025303636	1.5169302051372817	0.05205878418328315	1.4648714209539986	12.729398727416992	
0	68966	69294	7.5611374778948495	26.304190360794557	7.474636147418176	1.2145954622853308	6.260040685132845	29.940784454345703	
0	68939	69289	12.449877193463646	24.704854141530447	5.4580832300904705	0.9872692252340889	4.470814004856382	27.41106414794922	
0	68758	69341	11.797643735817894	25.043603776960435	5.764724907149875	1.0095139599996907	4.755210947150185	27.85567283630371	
0	68870	69316	15.191072267694006	25.491205521204467	4.6379911137284555	1.0023421574294724	3.635648956298983	28.330934524536133	
0	68738	69248	9.444964124151117	14.434179399954681	3.642654100521598	0.28444470360707746	3.3582093969145204	14.856772422790527	
0	69298	69383	8.001607533901659	8.00160753393591	-1.0519371780194888	-1.0519371780667977	4.730882352532717e-11	7.240004539489746	
0	69318	69378	16.50572161479077	16.50572161465471	0.07411846321357164	0.07411846329539175	8.182010624580016e-11	16.62897300720215	
0	69289	69376	34.884500641251634	34.884500640937844	0.6863218019972951	0.6863218020810725	8.377742943821431e-11	37.45512771606445	
0	69316	69377	11.937029033074538	11.937029033127917	-0.13747816123930837	-0.137478161284641	4.533262654149439e-11	11.775146484375	
0	69263	69380	591.0819359706825	591.0819357335054	0.9781282545936578	0.9781282582137676	3.620109767510371e-09	655.16552734375	
0	69299	69377	12.975242190888387	12.975242190781728	-0.03598619458346387	-0.035986194500965414	8.249845251384613e-11	12.928716659545898	
0	69279	69379	82.28526756215709	82.28526756140671	0.8241074189833322	0.8241074190670097	8.367750936599805e-11	89.67549133300781	
0	69253	69376	12.324672359638644	12.32467235953525	0.0516436243317875	0.051643624415246295	8.345879543014689e-11	12.388651847839355	
0	69349	69383	24.336608049131975	24.336608048920052	0.414886510628223	0.4148865107116907	8.34676772143439e-11	25.390005111694336	
0	69264	69385	21.845188192310854	21.84518819241537	0.3630857163830215	0.36308571633691505	4.6106451989658126e-11	22.66823959350586	
0	69317	69382	5.545512156323571	5.545512156325731	-2.166805225419968	-2.1668052254247043	4.736211423050918e-12	4.557903289794922	
0	69279	69378	227.3754994573664	227.37549948483294	0.9386421035150097	0.9386421024204141	1.0945955253305328e-09	250.92872619628906	
0	69253	69383	15.610359021798383	15.610359021667842	0.05340443115128714	0.05340443123446505	8.317790900491673e-11	15.694172859191895	
0	69294	69380	37.43771614460596	37.4377161442722	0.6418070304057167	0.6418070304891444	8.342770918545739e-11	40.00528335571289	
0	69294	69384	17.055261523795057	17.055261523873146	0.23839755217576203	0.2383975521310689	4.46931380793103e-11	17.471784591674805	
0	69253	69380	23.62224373236773	23.622243732162815	0.4187892260044902	0.4187892260876037	8.311351606948847e-11	24.65475845336914	
0	69248	69376	1698.7390203675766	1698.7390214386674	0.9937710974178429	0.9937710917392264	5.6786164659428096e-09	1886.182373046875	
0	69253	69381	50.41719435374159	50.41719435329048	0.7106035328650818	0.7106035329481987	8.311684673856234e-11	54.27391815185547	
0	69294	69385	10.12437854195095	10.124378541994227	-0.4968946924096841	-0.49689469245455486	4.4870773763250327e-11	9.64511775970459	
0	198	6195	9.500113937878412	9.500113937815382	0.033769247059712855	0.03376924712583552	6.612266290062507e-11	9.532303810119629	
0	1715	8361	7.072585560586263	7.0725855606102375	-0.43996209080029447	-0.43996209083568394	3.538946913295149e-11	6.774531841278076	
0	1395	8793	7.556819714345816	7.5568197143041616	-0.6412849054605486	-0.6412849054018911	5.865752328304552e-11	7.10141658782959	
0	1677	18854	4.28719390786193	4.287193907856548	-2.2432873966647953	-2.2432873966494276	1.5367707106861417e-11	3.501668930053711	
0	153	14636	4.450545429021076	4.450545429023558	-2.6072751342265525	-2.6072751342335825	7.029932191926491e-12	3.5301406383514404	
0	1465	7276	4.609264584341686	4.609264584354523	-1.9974646090311503	-1.9974646090645614	3.341105170306946e-11	3.8418655395507812	
0	1996	12022	6.311376339842683	6.311376339846926	-0.5053551888767639	-0.5053551888838249	7.061018436615996e-12	6.007770538330078	
0	1961	5092	11.490525186219658	11.490525186212222	0.1819311434304072	0.181931143436761	6.353806369929771e-12	11.703447341918945	
0	2772	14266	21.153172081120584	21.153172081204094	0.6487161332938253	0.6487161332569081	3.6917136014835705e-11	22.620607376098633	
0	1567	9359	12.157350221589795	12.157350221663775	-0.2775753272141546	-0.2775753272766957	6.254108342318432e-11	11.82900619506836	
0	1815	14795	8.936874927415882	8.936874927379847	-0.46153311415565235	-0.46153311411347053	4.21818135976082e-11	8.54260540008545	
0	1364	7002	3.8267663750408483	3.8267663750429497	-2.9421489907807334	-2.942148990787841	7.107647803650252e-12	2.956824541091919	
0	2226	3113	6.348233165897269	6.348233165886938	-0.8780399020181198	-0.8780399020004184	1.7701395904623496e-11	5.835824489593506	
0	173	9254	4.183082168381736	4.183082168376226	-1.5341069171779713	-1.534106917162779	1.5192291868970642e-11	3.626706600189209	
0	2820	14786	4.170398977864015	4.170398977855926	-1.768530499685737	-1.7685304996629085	2.282840583234247e-11	3.543687105178833	
0	2253	4150	43.56682786530856	43.5668278647448	0.7826937935595237	0.7826937936787972	1.1927347998152982e-10	47.266334533691406	
0	247	3643	22.430122517110267	22.430122516911503	0.5635337577199241	0.563533757803545	8.362088799174217e-11	23.769620895385742	
0	1864	13780	3.644450148483404	3.644450148478093	-2.8843040102297217	-2.8843040102109456	1.8776091792460647e-11	2.828596830368042	
0	2859	10693	4.761110752208568	4.7611107521947345	-1.3220945934217678	-1.322094593388872	3.289590821964339e-11	4.205150127410889	
0	1113	16668	4.111619220164057	4.111619220158396	-2.0376485924750103	-2.0376485924584347	1.6575629757653587e-11	3.415633201599121	
0	113	9240	4.14224558889708	4.142245588905864	-1.4215072944720022	-1.4215072944962206	2.4218405059173165e-11	3.626706600189209	
0	1477	5234	4.0751014317152565	4.075101431724144	-2.6634124175079092	-2.663412417535527	2.7617907960575394e-11	3.2180120944976807	
0	740	3762	4.924971518375948	4.924971518370435	-1.1618876469452635	-1.161887646932769	1.2494449919131512e-11	4.412310600280762	
0	1840	9928	4.2239807309160105	4.223980730904386	-1.5499269163807199	-1.5499269163489342	3.178568519501823e-11	3.657149314880371	
0	999	13299	8.191816198573	8.191816198565888	-0.09555318328572818	-0.0955531832769663	8.761880110341735e-12	8.11428165435791	
0	2601	12676	9.288462636454298	9.288462636444377	-0.053259364781768084	-0.05325936477103001	1.0738077094174514e-11	9.23925495147705	
0	81	13592	5.1985821568675314	5.198582156878035	-1.193006807084387	-1.1930068071070024	2.261524301161444e-11	4.644491195678711	
0	1389	10326	69.27734191263774	69.27734191322828	0.8804122077521062	0.8804122076743672	7.773892640727809e-11	75.9654312133789	
0	1056	5120	4.286498795389674	4.286498795388836	-1.9993834705449114	-1.9993834705425644	2.347011474057581e-12	3.572265863418579	
0	1230	4151	5.601593676018132	5.601593676037388	-1.3375817496513556	-1.3375817496903288	3.8973269056441495e-11	4.940730571746826	
0	7789	24621	9.029577336094833	13.416176990799524	3.7557257209301906	0.7222358490448589	3.033489871885332	14.4605712890625	
0	8901	44491	5.620995857329878	5.431502798623635	-1.5033180654801086	-1.1155222049554794	0.3877958605246292	4.886412620544434	
0	15769	20570	9.479360667330191	14.83779907947375	4.172507689544819	0.8783763932820956	3.2941312962627234	16.266620635986328	
0	16833	23937	10.217187482054518	26.894425308390904	6.669634444874148	1.2335691373689763	5.436065307505171	30.678876876831055	
0	5994	30510	9.708357945140163	36.330732396802865	7.7506016085345495	1.5822746260567226	6.168326982477827	43.15979766845703	
0	15717	37759	10.401929753450311	14.660298181057211	3.230400094218972	0.45904408724857804	2.771356006970394	15.365649223327637	
0	9780	23784	7.359199080071132	7.378735437162507	-0.3401019589319532	-0.36755167486340007	0.02744971593144685	7.117143630981445	
0	8884	33712	8.116514146616932	8.005985265888636	-0.5984431281425785	-0.4541158916891842	0.1443272364533943	7.6582136154174805	
0	3933	24033	8.512335436755276	64.58418816439782	8.913308649217864	1.7551323961583036	7.15817625305956	78.33259582519531	
0	12451	30377	8.244491416897889	29.468986400090653	7.587715908550176	1.3775679433192136	6.210147965230962	34.17711639404297	
0	4044	44106	7.663600138649972	7.476077016381756	-0.5698489404525088	-0.3112118717958668	0.258637068656642	7.250434875488281	
0	15717	33839	10.306570911383886	484.3431449384455	9.828999949354916	1.9640874713631	7.864912477991816	602.7232666015625	
0	23952	60516	4.395367603462794	4.3953676034498725	-2.047266538885564	-2.047266538850148	3.5416114485542494e-11	3.648435592651367	
0	34780	61123	9.030404243822398	13.104722993504904	3.6212790615831576	0.7433411956052417	2.877937865977916	14.157076835632324	
0	43197	55497	11.417332320639227	24.685383089574202	5.955056489799206	1.2544386621302086	4.700617827668998	28.226184844970703	
0	41717	48085	5.679181209063762	5.509341921405918	-1.563304235636958	-1.2174967535271788	0.3458074821097792	4.911382675170898	
0	21662	59970	8.371215920904726	10.051454849307662	1.9385156123989893	0.32044483071787094	1.6180707816811184	10.384211540222168	
0	28370	51670	9.807213455921916	40.538362854595896	7.947336794338879	1.5152651440330693	6.43207165030581	47.77799606323242	
0	38791	45804	8.740919889898384	16.679671246099208	5.166976995548447	0.7774884274767393	4.389488568071708	18.08582305908203	
0	60148	64207	8.558727080741487	18.2783417430333	5.8477152783874695	1.1322234673436529	4.715491811043817	20.612091064453125	
0	60300	64336	9.172174845340502	10.67531658268463	1.5993414746771433	0.22263631330493922	1.3767051613722041	10.918399810791016	
0	51411	63942	8.830276633100322	38.55168428303359	8.06862700152241	1.5679105917272034	6.500716409795206	45.7202033996582	
0	56755	64249	9.966328714839129	19.41692857095907	5.375906936267561	0.9910973947431803	4.384809541524381	21.55304527282715	
0	51605	64578	8.587778600497458	8.617463291578893	-0.4829495016347597	-0.5191850791984721	0.03623557756371243	8.192139625549316	
0	60534	63229	10.261552358008785	20.008465013434595	5.457979103972423	1.143750670674222	4.314228433298201	22.59248161315918	
0	57297	63195	9.670567791637033	38.96401120595772	7.912920514978455	1.5908775788295264	6.322042936148929	46.33540725708008	
0	53806	66010	10.597106380361927	10.847474729786084	0.38072044502807445	0.15345433498024755	0.2272661100478269	11.016528129577637	
0	48198	63034	9.48222623789544	11.638380373541718	2.076835287692676	0.27519462512610066	1.8016406625665753	11.96772575378418	
0	63493	68368	7.88727019349539	7.821890230929746	-0.536701937524502	-0.4493600357840456	0.08734190174045642	7.485520839691162	
0	65957	67248	9.484709998382817	9.7013920219534	0.1021683093844317	-0.12395164579071863	0.22611995517515032	9.582613945007324	
0	63272	67119	9.647484574082068	31.785623981014258	7.401938798064156	1.4401525278155638	5.961786270248592	37.133399963378906	
0	64816	67979	9.537286147554877	16.028721690475376	4.517751081773338	0.7863263418290702	3.7314247399442677	17.39666748046875	
0	63822	67209	9.766026205749508	166.0130146242895	9.52358542810418	1.9014123426371026	7.622173085467078	204.99008178710938	
0	65774	68064	9.350585327668394	8.9478815270289	-0.6908669675056568	-0.2304409504084704	0.4604260170971864	8.746330261230469	
0	65938	66216	8.90498555111158	14.894942977566497	4.513767746063583	0.8234419792103311	3.6903257668532516	16.23151397705078	
0	67317	68654	11.293846321977298	17.98526712411752	4.266070700123628	0.8688105726742692	3.3972601274493592	19.696521759033203	
0	66232	68505	9.775878924048033	29.61063099943973	7.18090548210059	1.4611086971710154	5.719796784929574	34.677371978759766	
0	66371	68612	9.375237783386297	10.04672019227139	0.8139599020307011	0.15602839398616178	0.6579315080445394	10.205962181091309	
0	66271	68664	10.350279579185859	21.42152826441669	5.735843346360147	1.1746584639570004	4.561184882403147	24.272747039794922	
0	66238	68710	9.78531384525471	59.28087952619814	8.632261189879024	1.714035859421456	6.9182253304575685	71.54373168945312	
0	66664	68647	10.454391781046713	31.88719729802704	7.186449157901899	1.4183194308191729	5.7681297270827265	37.15728759765625	
0	67216	68496	8.675981823418866	31.721971802698448	7.662083417931626	1.4518811354298968	6.210202282501729	37.109886169433594	
0	66357	68574	9.453472455658929	47.971007437166975	8.35781133269436	1.6668245301340705	6.690986802560291	57.56629943847656	
0	66598	68516	10.170236621291695	61.8861220459509	8.641164913178473	1.731457471962237	6.909707441216236	74.84526062011719	
0	66854	68537	9.431319267625854	23.10210131196961	6.416420326122256	1.2219893806777073	5.194430945444548	26.318151473999023	
0	66851	68603	9.81521786770182	25.060616721690366	6.600265751732469	1.3196591150772188	5.280606636655251	28.87054443359375	
0	68700	69002	5.8229364033253725	5.632178481495024	-2.4935943833241985	-2.0843073955093887	0.40928698781480977	4.66073751449585	
0	68701	68752	10.67741717225887	487.01045794232635	9.823713895236839	1.959368522882761	7.864345372354078	605.6868286132812	
0	69206	69252	13.837406406797589	56.371277275529046	7.943485447269501	1.6221039792412133	6.321381468028288	67.28572082519531	
0	69330	69382	84.62044639573982	84.62044639496294	0.8532619470310101	0.853261947114984	8.397393891357297e-11	92.51434326171875	
0	69330	69385	23.643945017655724	23.643945017446356	0.48023542658176555	0.48023542666606367	8.429812403676351e-11	24.83669090270996	
0	69248	69377	25.17705784852962	25.177057848304944	0.5742542143059238	0.5742542143900388	8.411493723770036e-11	26.71094512939453	
0	69339	69379	12.621062065091373	12.621062065148754	-0.23775864660460894	-0.23775864665115393	4.654499008438506e-11	12.327954292297363	
0	69290	69385	13.03102931092221	13.031029310811824	0.010374459876841826	0.010374459961464135	8.462230915995406e-11	13.044562339782715	
0	69252	69376	52.13032543452168	52.13032543404734	0.7490614413031073	0.7490614413872821	8.417488928103012e-11	56.35139083862305	
0	69330	69380	23.821417620599057	23.821417620390207	0.4059577416428618	0.40595774172697563	8.411382701467573e-11	24.82938575744629	
0	69263	69382	11.572386740674009	11.572386740727092	-0.19608589395639703	-0.19608589400316628	4.6769255135359344e-11	11.349832534790039	
0	69261	69385	20.013869944107224	20.013869944204167	0.37946152355008766	0.3794615235034883	4.6599391012591695e-11	20.803274154663086	
0	69268	69384	17.79911791988086	17.799117919965138	0.1895850014329004	0.18958500138644868	4.645173135031655e-11	18.143083572387695	
0	69277	69382	17.692707060771433	17.69270706085648	0.25205324266105783	0.25205324261419976	4.685807297732936e-11	18.150188446044922	
0	69309	69379	84.58238589938962	84.5823858986143	0.8346531374813329	0.8346531375653456	8.401279671943485e-11	92.28498077392578	
0	69359	69382	44.467095946756906	44.46709594635453	0.7165863542288965	0.7165863543128993	8.400280471221322e-11	47.89950942993164	
0	69268	69380	6.3094243075664265	6.309424307554524	-1.745860092655727	-1.7458600926335692	2.2157831125468874e-11	5.371615409851074	
0	1945	3308	5.140920076470243	5.140920076464725	-1.2123029582269254	-1.2123029582148883	1.2037038032985947e-11	4.585070610046387	
0	393	9060	5.286488094328831	5.286488094341864	-1.9836482077203526	-1.9836482077498956	2.9543034685275416e-11	4.4114179611206055	
0	2270	12351	5.440382477538899	5.440382477529887	-0.9722797975166311	-0.9722797974984545	1.8176571359163063e-11	4.958297252655029	
0	2900	5850	4.237904767173525	4.237904767188563	-1.9762979375874883	-1.9762979376299832	4.249489649055249e-11	3.538576602935791	
0	2617	4748	3.5596471050874454	3.5596471050817464	-2.3698511362321	-2.369851136212296	1.9804158313263542e-11	2.8776798248291016	
0	1194	19237	4.848350119601473	4.848350119593522	-1.2131034828301004	-1.2131034828117129	1.8387513733841843e-11	4.323825359344482	
0	1642	3989	5.541915841712962	5.541915841726004	-0.7246657989051531	-0.7246657989303907	2.523758979577906e-11	5.1674485206604	
0	449	5232	6.215842576730122	6.2158425767247865	-0.9622011744095984	-0.9622011744001882	9.410250356722827e-12	5.670250415802002	
0	3059	5881	58.33468891007875	58.33468890750843	0.8564474827909543	0.8564474831938331	4.0287884139900143e-10	63.79871368408203	
0	1098	13589	3.7248921478040473	3.7248921478065986	-3.1686923629882755	-3.168692362997295	9.019451852054772e-12	2.828596830368042	
0	652	4262	188.9307157744384	188.9307157877139	0.9449073974444036	0.9449073968081336	6.362699256357018e-10	208.64581298828125	
0	2235	7981	4.168794858127477	4.1687948581306875	-1.6897096248159453	-1.6897096248249492	9.00390872971002e-12	3.566209077835083	
0	661	3242	7.181639151934289	7.18163915193261	-0.6279678632746656	-0.6279678632721809	2.4846791291111003e-12	6.757302284240723	
0	671	5295	6.061532911931175	6.061532911951279	-0.6900621091420179	-0.6900621091774718	3.545386206837975e-11	5.670250415802002	
0	260	4418	16.2315452436049	16.23154524357737	0.5651344171865637	0.5651344172025653	1.600164445392238e-11	17.20379066467285	
0	2013	3838	8.275063723232787	8.275063723224811	-0.13318508909629714	-0.1331850890865294	9.767742170652127e-12	8.166300773620605	
0	1744	7096	3.6311834679708586	3.63118346797433	-2.280686315698351	-2.2806863157100925	1.1741718708435656e-11	2.956824541091919	
0	2719	16047	6.126996074211842	6.126996074231872	-0.5868414614933971	-0.5868414615280072	3.461009256966463e-11	5.787369251251221	
0	763	4797	18.06366194775927	18.063661947986848	0.4640258363602846	0.46402583624014404	1.2014056416376206e-10	18.942649841308594	
0	1851	18381	4.266388117723962	4.266388117745198	-2.504122729168164	-2.5041227292304007	6.223688231443703e-11	3.411985158920288	
0	2268	10814	97.83473307334388	97.83473308316287	0.9101344997964325	0.9101344988841467	9.122858024568359e-10	107.63056182861328	
0	326	7507	3.7383254540903392	3.7383254540892077	-2.5549588399304106	-2.554958839926609	3.801403636316536e-12	2.9775688648223877	
0	19289	36559	9.71697792245894	25.260039446270174	6.618891577371346	1.2105458292424078	5.408345748128938	28.739030838012695	
0	13669	23072	10.443921508813194	19.85989201014629	5.333846236561279	1.1269622462758935	4.206883990285386	22.382291793823242	
0	19308	39334	8.331706870238046	38.740157142064795	8.190490161113317	1.586274385265352	6.604215775847965	46.04399871826172	
0	12635	24227	6.454483056797775	6.283198898648077	-1.0133198950397684	-0.7210567951051484	0.29226309993461996	5.860615253448486	
0	6988	30878	9.137834250670087	52.731017269774625	8.559898487209372	1.6897138142309136	6.870184672978459	63.45270919799805	
0	11343	25769	9.892391611733597	27.23220751528232	6.823037642036287	1.2543193197396032	5.568718322296683	31.137893676757812	
0	4143	33385	11.414381748234288	19.767041903925485	4.790993950600758	0.9792187498719087	3.8117752007288495	21.912782669067383	
0	15918	41225	7.3806231801873725	10.38436282563909	3.4015327088354606	0.7161120718772452	2.685420636958215	11.185359954833984	
0	7473	36537	9.893027939011029	14.388143466178489	3.3233905405978956	0.28972571777401873	3.033664822823877	14.817442893981934	
0	3485	31130	8.670884152149696	27.99726509099751	7.310727092010731	1.3166540821160913	5.994073009894639	32.24248504638672	
0	13860	43372	7.326206696200169	11.752180592247658	4.2157703887334605	0.7213495609005739	3.4944208278328865	12.6658296585083	
0	8239	37711	10.736225252716	19.615373252502703	5.144121987063902	1.128179835061969	4.015942152001933	22.109750747680664	
0	10949	20790	9.483978347263175	31.755389589586677	7.472833762260191	1.5382400192598427	5.934593743000348	37.528114318847656	
0	21266	53056	6.207984463146834	6.188526446981348	-0.8322443054195807	-0.7982922254724436	0.033952079947137115	5.73102331161499	
0	30709	50806	8.716637995473215	24.54812285132531	6.891004329660415	1.2443297863958938	5.646674543264521	28.036828994750977	
0	28888	48598	5.7452377133835215	5.572013498904305	-1.6809983634065144	-1.3288054922359207	0.3521928711705937	4.918447494506836	
0	39353	55419	9.942940956624263	35.70773983267957	7.620363007223036	1.4540920030617746	6.166271004161262	41.7834358215332	
0	21280	58408	9.418743631987857	6.959819046014137	-4.449894090621168	-0.677501377491785	3.772392713129383	6.518209457397461	
0	42020	62278	10.79464263274726	23.857220583416286	6.001320671920805	1.1625258919707873	4.8387947799500175	26.995519638061523	
0	44051	46905	5.525623065571738	5.33592925999841	-2.10486696972162	-1.689308714264	0.4155582554576198	4.564794540405273	
0	19496	47735	27.56101513099169	27.561015130547915	0.644952958710855	0.6449529588614867	1.5063172931206736e-10	29.461118698120117	
0	41457	54497	9.738835492831717	11.476208104934972	1.6710994892985402	0.18525411827071017	1.48584537102783	11.692822456359863	
0	28464	45976	155.75608767048084	155.75608766903798	0.9455139719170993	0.9455139720009766	8.387734951043058e-11	172.02090454101562	
0	55960	64882	9.972774912027374	16.56320774263321	4.470540893448734	0.8164396876390414	3.6541012058096927	18.035715103149414	
0	47317	63206	4.760120002361777	4.779717523046765	-2.004690887139238	-2.0541144684482964	0.04942358130905822	3.965216636657715	
0	47166	62983	9.22790929248291	12.625867169356818	3.0507250297170128	0.4918199868302887	2.558905042886724	13.278952598571777	
0	45224	64174	8.956724444817846	12.816840611384984	3.431261941001894	0.6003060338840983	2.8309559071177954	13.635380744934082	
0	49202	64987	10.27548972303309	14.572983775493697	3.3963425018198863	0.6345102594789299	2.7618322423409563	15.560300827026367	
0	54978	66164	7.144114531547602	91.29035229312974	9.362745920375204	1.856912543564763	7.505833376810441	112.1077880859375	
0	56537	65383	8.217008506320528	48.49953238746709	8.59348122630199	1.6982557866313734	6.895225439670616	58.420894622802734	
0	48086	63367	10.271668094008641	209.88491214633316	9.6048739278528	1.9262382526053539	7.678635675247446	259.9592590332031	
0	49556	65525	8.909490772425164	8.912847201428603	-0.2486155359716991	-0.25247644691584586	0.003860910944146756	8.693360328674316	
0	54508	66158	8.635308235712266	11.38622181207135	2.8655102006253568	0.5927059979533423	2.2728042026720146	12.103610038757324	
0	65784	68418	8.803568682843597	22.39786659723487	6.540910662437238	1.1994528217137603	5.341457840723478	25.450538635253906	
0	65982	66926	6.481046326764372	6.511399411685915	-0.7520370416573943	-0.8023927214273809	0.05035567976998667	6.027738094329834	
0	64426	68111	8.960371208106984	21.05955199790437	6.242641870681333	1.169084733058481	5.073557137622852	23.847530364990234	
0	64895	67054	8.927037329460768	10.578225077670806	1.7188597953302758	0.18714028498000637	1.5317195103502694	10.779961585998535	
0	65630	67213	7.7682086750261865	7.712501603650333	-0.5262352889115142	-0.4507499659639481	0.07548532294756605	7.379854679107666	
0	66382	68526	9.761110238165061	19.644436973737438	5.571429949589529	1.0874108460613199	4.484019103528209	22.041223526000977	
0	67579	68579	9.811993632985537	45.50070263260373	8.192992071405554	1.6204460083087329	6.572546063096821	54.2996711730957	
0	66831	68497	10.926077711022609	32.764958573831365	7.136998749147924	1.414474630144649	5.722524119003276	38.163021087646484	
0	67257	68697	6.430718513909	6.388963589238889	-1.0882749083674794	-1.0162782749401325	0.07199663342734697	5.799566268920898	
0	66483	68691	10.045825081552962	133.99213282190098	9.389835642574344	1.861572050114772	7.528263592459572	164.64129638671875	
0	66759	68591	9.749882513928398	10.719837024798233	0.9643699700246979	0.0654719480633792	0.8988980219613187	10.790484428405762	
0	68463	68599	9.921634705641255	8.5416837589766	-1.942025430154906	-0.28106836145071595	1.6609570687041901	8.308167457580566	
0	68207	68702	9.672886060751132	1511.6227870863565	9.948736291593926	1.9888036217438658	7.95993266985006	1886.8876953125	
0	67742	68656	10.564481464681085	37.800773378039075	7.63462917328183	1.5364661413131013	6.0981630319687286	44.663108825683594	
0	68008	68697	6.79061259201373	6.843853254219644	-0.8768351938818044	-0.9621132009216862	0.08527800703988175	6.24318790435791	
0	68519	69183	11.47755711457583	47.38811232390928	7.950490817727813	1.5380624667022418	6.4124283510255715	56.00149154663086	
0	68713	68831	11.204355829732076	83.78172337248877	8.899518288417555	1.7710347888435178	7.128483499574037	101.81319427490234	
0	68501	69085	11.141568693676735	13.822008567297122	2.2599487260604807	0.3978463032384295	1.8621024228220513	14.394696235656738	
0	68712	69177	7.569078164318419	7.5234814783779935	-1.0016904416481311	-0.9354154458043309	0.06627499584380026	6.879922866821289	
0	68937	69249	13.20155697966091	14.859330604089783	1.4040208946898294	0.3245885626641776	1.0794323320256518	15.357828140258789	
0	68935	69290	10.08403174445811	10.22019279761162	-0.27916487395809325	-0.41796073956471125	0.138795865606618	9.810166358947754	
0	69080	69357	11.522638805369477	23.51131601423802	5.590748766352057	1.0031633472571113	4.587585419094946	26.132869720458984	
0	69255	69377	11.570864124144832	11.570864124202336	-0.14989813221670592	-0.1498981322671478	5.044187290081936e-11	11.399980545043945	
0	69250	69383	39.45139009467545	39.45139009431768	0.653605619851151	0.6536056199359109	8.475997681500758e-11	42.21027755737305	
0	69352	69379	14.335012066902856	14.33501206697192	-0.018830519579842168	-0.018830519628112444	4.8270276664652556e-11	14.308069229125977	
0	69348	69382	10.852339422532491	10.852339422583862	-0.18710598197378972	-0.18710598202201115	4.822142685156905e-11	10.65301513671875	
0	69285	69377	61.7598013119641	61.75980131139718	0.8048280304931057	0.8048280305775115	8.440581567015215e-11	67.16546630859375	
0	69293	69380	11.074241830135634	11.07424183018809	-0.1811707628245718	-0.18117076287279768	4.822586774366755e-11	10.877179145812988	
0	69310	69376	15.412469397050176	15.412469397125616	0.20407448250067134	0.20407448245272303	4.794831198751126e-11	15.733551025390625	
0	69320	69383	31.402651614986134	31.402651614703437	0.5604863759623536	0.5604863760473312	8.497758052783411e-11	33.267234802246094	
0	69363	69376	21.576659498941385	21.576659498749162	0.445471009228794	0.4454710093139137	8.511968907498613e-11	22.582651138305664	
0	69260	69381	31.750469559774555	31.75046955948792	0.594546668705005	0.5945466687899138	8.490874670030735e-11	33.757511138916016	
0	69351	69385	7.150575427069077	7.150575427062923	-1.411035839312105	-1.411035839302284	9.821032875834135e-12	6.266368389129639	
0	69336	69378	21.471115903557386	21.471115903664053	0.376486263239716	0.3764862631919076	4.780842388640849e-11	22.311098098754883	
0	69333	69384	4.710286080795243	4.7102860807933356	-2.2961155560572215	-2.296115556052241	4.980460488468452e-12	3.8307106494903564	
0	69290	69379	34.2376054892185	34.23760548890795	0.5997618794168359	0.5997618795020999	8.52640180681874e-11	36.422061920166016	
0	69265	69385	58.81153853375642	58.81153853321832	0.7626975557974838	0.7626975558820017	8.451794819563929e-11	63.66743850708008	
0	69339	69378	34.08464110386266	34.08464110355418	0.6170448752735337	0.6170448753584524	8.491873870752897e-11	36.32612609863281	
0	420	13410	5.644554925022607	5.644554925012867	-1.0247454179125006	-1.0247454178934758	1.9024781749976682e-11	5.119895935058594	
0	1345	14416	6.431970240491539	6.431970240474707	-0.5616322476246284	-0.5616322475969883	2.7640112421067897e-11	6.089939594268799	
0	1868	13782	3.5204438874373354	3.520443887437212	-2.445901973874707	-2.445901973874272	4.3520742565306136e-13	2.828596830368042	
0	708	11186	12.540896771473635	12.540896771565617	0.1905436597150723	0.1905436596431243	7.194800311083327e-11	12.784497261047363	
0	2574	15495	3.6711847595109397	3.6711847595091265	-1.2542903578267264	-1.2542903578211664	5.559996907322784e-12	3.262031316757202	
0	777	7620	11.798352828511499	11.798352828495482	0.13970496631298127	0.13970496632636722	1.3385959007905512e-11	11.965517044067383	
0	525	15750	6.648377241395396	6.648377241411118	-0.4520987648610132	-0.452098764885729	2.4715784974205235e-11	6.360805988311768	
0	288	11840	8.122371161970376	8.122371162021102	-0.25575800424340717	-0.25575800430745593	6.404876629062528e-11	7.919815540313721	
0	2807	3259	7.686414601014068	7.6864146010108	-0.0025235022588820937	-0.0025235022546299395	4.2521541843143495e-12	7.684475421905518	
0	1096	14356	4.113562457959325	4.113562457952509	-2.2907913739785517	-2.290791373958188	2.036371071767462e-11	3.34686541557312	
0	2746	13485	4.796118470495571	4.79611847051915	-1.2664976566694477	-1.2664976567248367	5.538902669854906e-11	4.256973743438721	
0	2222	15655	7.0324214477536815	7.032421447792238	-0.5805298796225645	-0.5805298796805737	5.800915303666443e-11	6.646568298339844	
0	593	6296	12.03797418954875	12.037974189578266	-0.11212482982962516	-0.11212482985442088	2.4795721031978246e-11	11.904495239257812	
0	1322	8261	4.985388346661817	4.9853883466671185	-1.4206035450756762	-1.4206035450878198	1.2143619443349962e-11	4.36525821685791	
0	444	4462	36.7617255494216	36.7617255494457	0.7667040406914774	0.7667040406854244	6.0529359302563535e-12	39.81430435180664	
0	481	4464	11.560643160329315	11.560643160270997	0.16980271712723874	0.16980271717682796	4.958922161790724e-11	11.760336875915527	
0	2146	7697	16.095927055204285	16.09592705536292	0.1875886558421403	0.1875886557454321	9.670819700602351e-11	16.403640747070312	
0	2840	9164	5.152359602117748	5.1523596021258244	-0.9938846333509657	-0.9938846333681985	1.723288178823168e-11	4.686568737030029	
0	734	5823	4.259005725121547	4.259005725116586	-1.8406499928215996	-1.8406499928078062	1.3793410857942945e-11	3.596935749053955	
0	1562	15245	17.840559984165306	17.840559984206692	0.3721753051074373	0.37217530508510294	2.2334356586384274e-11	18.530208587646484	
0	326	13139	10.448707460508272	10.44870746053189	-0.24946775252334025	-0.24946775254650838	2.3168134077877767e-11	10.194390296936035	
0	1800	5572	16.696880916800357	16.69688091702665	0.4330889081564816	0.4330889080268209	1.2966072659992278e-10	17.452739715576172	
0	2143	9247	6.549259586209136	6.549259586192449	-0.7168421985265551	-0.7168421984992502	2.73048250676311e-11	6.111184120178223	
0	1306	15949	5.308387763438221	5.308387763420801	-1.1688349362184727	-1.168834936181822	3.665068248892567e-11	4.752857208251953	
0	3038	8959	528.779242138427	528.7792420669065	0.9836485226152538	0.9836485238347683	1.2195144893922816e-09	586.4669799804688	
0	1225	10548	4.942145656383899	4.942145656375471	-0.8704660613868522	-0.8704660613683137	1.8538504065190864e-11	4.5463972091674805	
0	1321	11076	5.566587787736552	5.5665877877434085	-1.4890483936635193	-1.4890483936776724	1.4153123117921496e-11	4.845125198364258	
0	865	11728	4.445457717719977	4.445457717720715	-1.5290681673761268	-1.5290681673780409	1.91402449445377e-12	3.8558690547943115	
0	1356	16982	5.007643986332024	5.007643986342828	-1.1958540625376692	-1.1958540625618233	2.4154012123744906e-11	4.472766399383545	
0	988	6910	7.426428972679344	7.4264289727231	-0.20394883602807395	-0.20394883608819475	6.012079722950148e-11	7.2779951095581055	
0	5343	23949	11.66518960098124	14.38926599104382	2.3970662113308565	0.6216152210460081	1.7754509902848485	15.343010902404785	
0	3220	31121	8.48911395284505	20.787878039959693	6.43809305297289	1.277713125800435	5.160379927172455	23.833059310913086	
0	15222	33474	6.030255452287481	5.738627935957371	-1.797593832100211	-1.2270536592752437	0.5705401728249673	5.111428260803223	
0	13940	19920	8.372169244695458	9.021622496297402	1.08231553384196	0.39054509728801545	0.6917704365539447	9.388277053833008	
0	5003	20153	8.587239356352667	30.729950769583645	7.611831337742639	1.4537952914588317	6.158036046283807	35.95742416381836	
0	12697	29375	5.256426688786635	4.839139890249635	-2.147582889819051	-1.1832346216563818	0.9643482681626694	4.3271379470825195	
0	44038	51515	102.79816895982331	102.7981689640727	0.9381761107999367	0.9381761104253463	3.7459035873155244e-10	113.44092559814453	
0	22489	53827	9.933678654072217	7.790540806736979	-3.223097065580206	-0.37028485299517305	2.852812212585033	7.512369155883789	
0	40398	59375	359.4041696077074	359.4041696877936	0.9725167565531858	0.9725167545415871	2.011598665419001e-09	398.1222229003906	
0	39566	51964	10.216681037631197	13.454602996271356	2.607384553963901	0.26447967161156166	2.3429048823523395	13.820116996765137	
0	41361	62385	10.050755612609132	18.93916148421512	5.160801754857766	0.881247087144408	4.279554667713358	20.76946449279785	
0	62024	65265	8.59941255650839	8.324806386913519	-0.5243116652614345	-0.1882374398385856	0.33607422542284887	8.170997619628906	
0	46996	65678	10.172529440641409	835.1276522126224	9.902323418955346	1.9811081127885148	7.921215306166831	1041.4501953125	
0	51769	64001	9.282526585419037	30.476041602852515	7.403377406942101	1.4748665199360713	5.92851088700603	35.74846267700195	
0	45954	63948	9.338247602806817	50.13010934027427	8.447835454808876	1.6675824336526839	6.780253021156192	60.162742614746094	
0	55996	65443	9.683858008554324	7448.982858912806	9.989596770889758	1.9976650575532633	7.991931713336495	9308.51171875	
0	49232	66014	5.886194789273371	5.730713653521767	-1.3477910991788902	-1.0480444017730297	0.29974669740586046	5.187084197998047	
0	59002	66035	9.436692959317647	8.550533423272311	-1.3509045613927075	-0.284989588511575	1.0659149728811326	8.313604354858398	
0	61666	66150	9.803109511086124	277.84537187959444	9.715627795537335	1.940159312532716	7.7754684830046195	344.7281188964844	
0	61462	65265	9.341671868663685	89.707438643284	9.147285902020997	1.8114446000491673	7.335841301971829	109.55221557617188	
0	64540	67411	8.522873201627498	96.20048877416413	9.276496632521546	1.833578191930591	7.442918440590955	117.800048828125	
0	63394	68124	9.160645276473389	40.645720973742336	8.094351426334415	1.544650200772724	6.549701225561691	48.07101058959961	
0	66033	66914	7.984155390059783	16.097291201575693	5.61321838984699	1.1555703056248547	4.457648084222136	18.200485229492188	
0	64575	68173	9.1202587017488	10.732026331827203	1.854277426180723	0.41473361526191865	1.4395438109188046	11.196377754211426	
0	63035	67375	9.504394011915023	15.869751204984235	4.494767499170683	0.8077600734745762	3.6870074256961067	17.264291763305664	
0	63033	66626	9.576980085763473	26.067549141864223	6.823707396467861	1.354460091799046	5.469247304668815	30.15144157409668	
0	64933	66232	8.92962651712446	54.96959061656337	8.65614444583338	1.727404329994055	6.928740115839325	66.44781494140625	
0	65089	67095	5.556509447497612	5.375157790581165	-1.8873114200180923	-1.4993369834276973	0.387974436590395	4.674319744110107	
0	67201	68634	10.004339902091811	18.74512544450267	5.2198695900684235	1.043472627662916	4.176396962405508	20.92901039123535	
0	67927	68482	10.419386846984708	37.288266812979195	7.636332671538534	1.5410513790166873	6.095281292521847	44.081443786621094	
0	67401	68600	11.479265762221203	111.90802073555773	9.16209832285721	1.8315404310396937	7.3305578918175165	137.00015258789062	
0	66372	68658	10.339605542599468	14.038491568310642	3.110747306322118	0.6461890201042032	2.4645582862179145	15.008312225341797	
0	67926	68559	10.54916236167488	40.309001878238504	7.781401316238046	1.5225972030048933	6.258804113233153	47.548763275146484	
0	67908	68600	9.23560548933885	9.178304517259429	-0.15844787789028428	-0.09542126432464662	0.06302661356563766	9.091551780700684	
0	66494	68640	10.634512546954108	39.90209805127982	7.7371504213326965	1.509488999649427	6.227661421683269	46.99610900878906	
0	67525	68542	8.898286834783274	19.239958970249823	5.9286443976007055	1.1968768597953308	4.731767537805375	21.855833053588867	
0	66424	68487	10.230571614404424	33.01385936288329	7.334177813639732	1.3974426782725349	5.936735135367197	38.37679672241211	
0	68163	68698	9.748462528263772	28.55759836294237	7.057407803503801	1.379833912288372	5.677573891215429	33.12882614135742	
0	68591	68905	10.690416246735273	10.890475737988762	0.07779270454259636	-0.10789059326604236	0.18568329780863874	10.774231910705566	
0	68705	69148	8.312698599670806	37.99078555598172	8.149982097946799	1.5450280617158767	6.604954036230922	44.93307113647461	
0	68943	69265	14.329760014489809	16.39725144057382	1.5906646573332488	0.37736947985307034	1.2132951774801786	17.040300369262695	
0	68943	69293	10.866694652858408	10.927001567215026	-0.30542624012775527	-0.3626182821907343	0.05719204206297901	10.544633865356445	
0	69148	69327	13.051973327134817	37.06593597201003	6.969697926117743	1.3943294373077133	5.57536848881003	43.07152557373047	
0	69298	69380	47.89161982695338	47.8916198265194	0.7411546575415785	0.7411546576254792	8.39006641939477e-11	51.72526168823242	
0	69327	69384	11.503193620096024	11.503193620000978	-0.13611496456453323	-0.13611496448078245	8.375078408562331e-11	11.34872055053711	
0	69361	69378	12.526997249168991	12.526997249226882	-0.33125727872764804	-0.33125727877539207	4.774403095098023e-11	12.125336647033691	
0	69339	69382	14.636721048349203	14.636721048420442	0.2016085225925091	0.20160852254481948	4.76896300227736e-11	14.937881469726562	
0	69369	69377	7.086209250293129	7.086209250279602	-0.9392455695821258	-0.9392455695612425	2.0883295093199195e-11	6.477786064147949	
0	69348	69376	40.26315915206949	40.26315915170781	0.6842048560866	0.684204856170283	8.368306048112117e-11	43.220314025878906	
0	69365	69381	25.201957265900994	25.201957265681443	0.3807015287222294	0.38070152880602903	8.379963389870682e-11	26.199371337890625	
0	69261	69379	13.759304435180935	13.7593044350659	-0.027491014758065375	-0.027491014674230214	8.383516103549482e-11	13.721582412719727	
0	69302	69381	22.821472303415412	22.821472303218066	0.311158898040429	0.311158898124212	8.378298055333744e-11	23.55438804626465	
0	69264	69380	6.391037417623913	6.391037417614371	-1.385113534865812	-1.3851135348488144	1.6997514507011147e-11	5.613503456115723	
0	69336	69381	23.11723283961202	23.117232839411912	0.3206371378375162	0.3206371379213025	8.378631122241131e-11	23.883010864257812	
0	69265	69381	9.637593595290067	9.637593595332337	-0.821906306668774	-0.8219063067162382	4.746425474877469e-11	8.905633926391602	
0	69357	69376	26.687338038356433	26.687338038121386	0.514901473809768	0.5149014738933068	8.35387314879199e-11	28.13606834411621	
0	69260	69382	12.12251788155972	12.122517881458775	0.01795449186475895	0.01795449194788024	8.312128763066085e-11	12.144322395324707	
0	69280	69381	13.50040115540977	13.500401155299379	-0.22940372345914956	-0.22940372337550313	8.364642312130854e-11	13.19764232635498	
0	69249	69381	22.58739141657241	22.587391416377244	0.3034677199566627	0.3034677200404457	8.378298055333744e-11	23.29429817199707	
0	69287	69383	214.88117143888698	214.88117148663832	0.9478685773158149	0.9478685753042306	2.011584232519681e-09	237.38185119628906	
0	2347	9285	134.92412779912723	134.92412778672247	0.9230205497587476	0.9230205505932745	8.345268920351145e-10	148.64430236816406	
0	1271	13627	11.051075230436794	11.051075230388866	0.3360164779368891	0.33601647797880113	4.1912029402624285e-11	11.435320854187012	
0	1492	19066	4.3834471322423	4.383447132259851	-0.8550660907013243	-0.8550660907447873	4.346301096802563e-11	4.038157939910889	
0	2024	13812	7.735082936442665	7.735082936438795	-0.17246005430151315	-0.1724600542964239	5.0892623448817176e-12	7.603945255279541	
0	1447	13923	6.021596258748916	6.021596258765337	-2.5704990185331327	-2.570499018567412	3.4279246108326333e-11	4.790260314941406	
0	2599	7811	10.802940212808984	10.802940212768803	0.30868945502885664	0.30868945506490225	3.604561094050496e-11	11.147037506103516	
0	1567	7567	46.601669311962276	46.60166931206794	0.7841884533643975	0.7841884533435008	2.0896617769494696e-11	50.567081451416016	
0	1316	15170	77.72381574652785	77.7238157420058	0.9008504927703278	0.9008504932997254	5.29397636839235e-10	85.41876983642578	
0	1959	7907	15.037324802462688	15.037324802658354	0.3870153304103897	0.3870153302853053	1.2508438729241789e-10	15.642722129821777	
0	2757	9394	6.564890609724554	6.564890609746423	-0.7424199314307357	-0.7424199314665204	3.5784708529718046e-11	6.111184120178223	
0	1521	4984	11.647171939346025	11.647171939391681	0.04808446684880231	0.048084466809791296	3.901101663927875e-11	11.703447341918945	
0	1291	18245	5.58542547434177	5.585425474353307	-1.3963419624310827	-1.3963419624546216	2.353894856810257e-11	4.901068687438965	
0	1218	15921	5.239225475406558	5.239225475394004	-1.023317650507505	-1.0233176504810928	2.6412205755832474e-11	4.752857208251953	
0	1687	14251	79.3366589209456	79.33665891824718	0.890265684076085	0.8902656843859271	3.098421519354133e-10	87.08998107910156	
0	2361	4428	21.9615209267016	21.96152092656769	0.6120922089137005	0.6120922089709425	5.7241988926648446e-11	23.393413543701172	
0	267	5189	6.226052127279901	6.226052127293817	-0.9802066411899137	-0.9802066412144563	2.454259018236371e-11	5.670250415802002	
0	1058	11777	4.2335191462717185	4.233519146263861	-2.1345837827086593	-2.134583782686135	2.2524204723595176e-11	3.488804578781128	
0	2467	12641	9.24083067830021	9.240830678323904	-0.0017054695767515509	-0.0017054696023977027	2.5646151868841116e-11	9.23925495147705	
0	2629	19090	4.515029727841917	4.5150297278323	-0.9367615289804745	-0.9367615289571798	2.3294699502685035e-11	4.128305912017822	
0	1149	5662	6.594330343964295	6.594330343943444	-0.5675257706121762	-0.5675257705787607	3.341549259516796e-11	6.2401838302612305	
0	2658	8081	7.893045246016429	7.893045246038048	-1.179178448620797	-1.179178448651417	3.061995101916182e-11	7.060487747192383	
0	628	9882	16.634924382423687	16.63492438256908	0.36529053667407224	0.36529053658986405	8.420819597176887e-11	17.265621185302734	
0	1300	3146	5.825031043291065	5.8250310432966925	-0.774371112297241	-0.7743711123076504	1.0409451078885468e-11	5.406376838684082	
0	332	8022	6.757829077539757	6.75782907758379	-0.1746807322256805	-0.17468073229197636	6.62958576924666e-11	6.641809463500977	
0	1598	10127	5.724821755063986	5.724821755085891	-1.0039240152216335	-1.0039240152637376	4.2104097985884437e-11	5.2025275230407715	
0	1280	19008	4.658629895782287	4.658629895786802	-1.5365222586739407	-1.5365222586851228	1.1182166304024577e-11	4.038157939910889	
0	2802	17593	9.423006242518124	9.423006242471486	-0.23397298179709486	-0.23397298174644204	5.065281527549814e-11	9.207573890686035	
0	1583	14215	5.0577311525688975	5.057731152560762	-0.7856308764902733	-0.785630876472925	1.7348344982792696e-11	4.689323425292969	
0	194	5169	5.920499889641521	5.92049988962857	-0.7197890683478027	-0.7197890683243547	2.3447910280083306e-11	5.522963047027588	
0	95	11807	5.402662836956615	5.402662836944341	-1.1631035603440945	-1.1631035603187303	2.5364155220586326e-11	4.839749813079834	
0	2710	11179	4.884174152768763	4.88417415278917	-1.6265723339833809	-1.6265723340319598	4.857891866549835e-11	4.20087194442749	
0	5750	22485	9.144424402072822	13.149601664451238	3.5248864654299448	0.688843827896617	2.836042637533328	14.122415542602539	
0	5556	33514	8.454043648695919	9.832773730461447	1.6839413687953058	0.3277146123441	1.3562267564512058	10.165925979614258	
0	17362	33948	9.836112089111047	449.4016488949073	9.824091672961634	1.9629329648548048	7.86115870810683	559.1612548828125	
0	7281	30909	10.721688917700071	348.49473492981525	9.752415776028258	1.9525926215413862	7.799823154486871	433.05218505859375	
0	15833	31798	10.004797274778351	51.630171501723346	8.37708033543331	1.624855725329634	6.752224610103677	61.64690399169922	
0	19031	38531	9.336992985217577	15.536401117999286	4.569579297093481	0.9639865411254469	3.6055927559680345	17.193866729736328	
0	19347	41143	11.241784438623323	22.034023224777144	5.483241800555686	1.147103414887556	4.33613838566813	24.889055252075195	
0	14251	40172	8.751058241356045	30.15928213172655	7.528297875521511	1.4816288885556086	6.046668986965902	35.40498733520508	
0	20552	53992	8.73548918955277	120.26241927972532	9.410137828935321	1.8793040441663493	7.530833784768972	148.09373474121094	
0	37720	45270	9.577862930578751	12.901475893429815	3.013979390474871	0.5897612924654662	2.424218098009405	13.710041046142578	
0	20147	46503	8.566733195006943	32.790462923597595	7.787185298962242	1.5301181022585202	6.257067196703721	38.71419143676758	
0	33031	47456	6.012881469237003	5.842143723798117	-1.1047213913701095	-0.7893991779205758	0.3153222134495337	5.414707183837891	
0	38262	44680	14.038075595247404	14.03807559541118	0.38322726759379655	0.38322726748160074	1.1219580819954444e-10	14.597491264343262	
0	29010	51868	8.986176470986534	8.243061386781129	-1.0443327789002035	-0.13101772110188706	0.9133150577983165	8.136459350585938	
0	48042	65834	9.034876688650318	84.81106692162682	9.12870732406954	1.8211101276579105	7.3075971964116295	103.69508361816406	
0	61588	64408	7.351282816828179	7.247169700755598	-0.4996654396388457	-0.3509631091914312	0.1487023304474145	7.0014448165893555	
0	46227	64872	9.336406087295776	114.07213155872044	9.3326472515377	1.8462896957479418	7.486357555789759	139.90211486816406	
0	60913	63046	9.37634618778474	28.488483731313465	7.169456101314407	1.3998585170067503	5.769597584307657	33.1255989074707	
0	60408	64576	10.409560555240738	36.865440484638356	7.615535277678577	1.5554223598608712	6.0601129178177064	43.65575408935547	
0	50175	63777	9.74579734484012	23.50085794854967	6.388100309487035	1.2903235571488039	5.0977767523382305	26.98246955871582	
0	58826	65752	6.095858759551768	5.882270592373187	-1.0271479092846605	-0.6407760453597123	0.38637186392494816	5.528046607971191	
0	51194	65457	9.150424000595631	43.28518115823275	8.236149098498101	1.6562767143192385	6.579872384178863	51.87753677368164	
0	60297	65585	9.390179911743994	9.529733958304593	0.1270137985357345	-0.019715570762941507	0.146729369298676	9.510982513427734	
0	59866	64960	9.30569380063708	10.412937465446209	1.427978792398056	0.4080316095155746	1.0199471828824813	10.855892181396484	
0	48328	66108	8.603649239314406	9.533659463992162	1.0669278804895557	0.10130873704914503	0.9656191434404107	9.631232261657715	
0	65908	66339	8.88487961991142	17.731450280520782	5.523302380367689	1.0659069498763254	4.457395430491363	19.84695053100586	
0	65992	67044	5.656243190413288	5.526117066816068	-1.5696527907531825	-1.3034842371135238	0.26616855363965874	4.888861656188965	
0	63617	66965	9.638323034689154	36.444517772870825	7.753985769176464	1.5073498513417365	6.246635917834728	42.91300964355469	
0	63520	68368	9.249842059203477	8.270012994219602	-1.5738141523711406	-0.3478084079885702	1.2260057443825705	7.9920430183410645	
0	65356	66233	9.712451611209449	35.44654542027764	7.674042362688066	1.5111893127514513	6.162853049936615	41.75678634643555	
0	64267	66251	9.83302972146308	10.590496941360767	0.7247947393592747	0.010298379460895736	0.714496359898379	10.601414680480957	
0	63057	66995	9.078298072594237	19.004463952284045	5.742183892345486	1.0867089749288874	4.655474917416599	21.321489334106445	
0	64838	67220	8.13085686206223	94.06727311136245	9.295186753383792	1.8458950530414913	7.4492917003423	115.36186218261719	
0	64588	67340	8.653283064801322	17.205879995850008	5.5229777134560125	1.098048263975229	4.424929449480784	19.328210830688477	
0	65992	66443	9.450589928559594	15.30645235600009	4.285135571516729	0.744038122823173	3.5410974486935562	16.53685760498047	
0	64518	66848	9.107183121332948	59.54329211234311	8.732295598345118	1.7116750048623235	7.0206205934827945	71.83995819091797	
0	67626	68497	10.818435308696218	12.631810263647056	1.83966101196444	0.47183341743996865	1.3678275945244716	13.257335662841797	
0	68267	68501	10.163879618771269	20.500854299553854	5.549100245918429	1.0223998332462105	4.526700412672218	22.835561752319336	
0	67631	68607	10.051259381160445	18.73214899841614	5.184774664896939	1.0260480783966133	4.158726586500326	20.873912811279297	
0	67674	68528	10.632473610626155	47.645142422649755	8.131892387344593	1.6288291393594616	6.503063247985131	56.91574478149414	
0	66839	68720	10.021671102697953	45.38595415559669	8.148769538375927	1.6161825705799409	6.532586967795986	54.135189056396484	
0	66461	68692	9.798101938054105	18.873572266559503	5.314045093389291	0.9736896873599401	4.340355406029351	20.909509658813477	
0	67530	68552	11.475587686657907	116.13102268457646	9.19350877672595	1.8384440864982436	7.355064690227707	142.29029846191406	
0	67632	68705	10.748151695625925	19.5778982730579	5.091578578793307	1.0592464651582392	4.032332113635068	21.897369384765625	
0	67601	68584	6.942895898979392	6.984893457779205	-0.8454481256552884	-0.9110522124794176	0.06560408682412922	6.401668071746826	
0	66339	68586	7.109114599833768	7.177233769542374	-0.7128742455041116	-0.8155244544082565	0.10265020890414489	6.636047840118408	
0	68497	68840	10.560561544247166	23.452306055124684	5.968425536191085	1.0469042945185483	4.9215212416725365	26.19463348388672	
0	68694	69032	8.218092126513145	8.126490966962534	-0.9034678976152224	-0.7819347866243878	0.12153311099083464	7.537136077880859	
0	68528	68986	10.84279911843758	40.97097285093164	7.746021060502634	1.4830378274106206	6.262983233092013	48.10514831542969	
0	68552	69007	8.014828279530926	7.844586722874333	-1.2104949006970214	-0.9723747518649442	0.23812014883207722	7.149397373199463	
0	68884	69327	15.296500855252752	14.68080428580553	-0.1585460254745508	0.25034369366069736	0.4088897191352482	15.05776596069336	
0	68985	69361	13.493263535746722	14.387582514159416	0.7327478788118537	0.118524386640565	0.6142234921712887	14.560155868530273	
0	68849	69337	11.430313240804006	14.275396879845495	2.1433484517214447	0.18777380501254887	1.955574646708896	14.54858112335205	
0	68984	69310	10.171917554331042	36.22826007833747	7.6001796054760264	1.4528094698236351	6.147370135652391	42.38616180419922	
0	68970	69266	12.66392216519985	61.39324693679724	8.272088235714783	1.6232812989588223	6.64880693675596	73.29032897949219	
0	69336	69381	22.851475168959052	22.851475168449582	0.43191191477558133	0.4319119149889007	2.133193621745022e-10	23.883010864257812	
0	69320	69378	10.611401734478708	10.611401734530446	-0.407078496495339	-0.40707849654608064	5.0741633117468155e-11	10.196331024169922	
0	69289	69377	15.222385728731256	15.222385728807799	0.16557685815567827	0.16557685810622783	4.94504437398291e-11	15.478676795959473	
0	69320	69380	22.460607234779985	22.460607234277617	0.46126037318086854	0.4612603733942179	2.1334933819616708e-10	23.546724319458008	
0	69360	69383	9.777259926654589	9.777259926700609	-0.501711314135438	-0.5017113141848674	4.942934950236122e-11	9.310158729553223	
0	69327	69381	630.9793853185845	630.9793850195238	0.98060601568873	0.980606019963586	4.274856024721885e-09	699.5806884765625	
0	69350	69379	24.140144422038674	24.14014442150296	0.39472986253272346	0.39472986274588184	2.1315837983593156e-10	25.132186889648438	
0	69375	69385	10.826368378701083	10.826368378752639	-0.5758651205560007	-0.5758651206063649	5.03641572890956e-11	10.236863136291504	
0	69299	69377	12.92742160597103	12.927421606035582	0.0010016876453944337	0.001001687595466594	4.9927839640417915e-11	12.928716659545898	
0	69250	69382	41.153218966197976	41.153218965250566	0.697535136303772	0.6975351365179284	2.1415647033506957e-10	44.23904800415039	
0	842	6101	6.101256110055216	6.101256110062885	-0.9977052299741354	-0.9977052299879599	1.382449710263245e-11	5.547753810882568	
0	2232	8492	4.967542419350236	4.967542419332612	-0.8242919763367065	-0.8242919762983039	3.8402614421784165e-11	4.589253902435303	
0	1721	12716	4.607818460702755	4.607818460697963	-1.4956985543672976	-1.4956985543553427	1.1954881529163686e-11	4.008297920227051	
0	377	18780	7.0833623640489725	7.083362364080883	-0.4234438031368316	-0.4234438031837896	4.695799304954562e-11	6.79560661315918	
0	2078	3855	3.9331678184171595	3.9331678184082244	-2.3726625251649973	-2.3726625251368887	2.8108626537459713e-11	3.17891788482666	
0	1531	4733	17.39752229883214	17.397522298837245	0.4479605810845667	0.4479605810817645	2.802202914153895e-12	18.213411331176758	
0	566	8075	11.537595027109687	11.537595027194264	0.13262408077143187	0.1326240806990975	7.233436072340282e-11	11.692667961120605	
0	2653	3998	17.810726323017242	17.81072632277408	0.5071696438827046	0.5071696440123065	1.2960188477961765e-10	18.762292861938477	
0	814	12487	9.080172485520903	9.080172485477775	0.07666339526797629	0.07666339531510859	4.713229806441177e-11	9.150321960449219	
0	937	12260	5.099740077041435	5.099740077049541	-1.527865660249859	-1.5278656602681822	1.8323120798413584e-11	4.423837184906006	
0	30	18703	5.10410596751021	5.104105967512195	-1.3355078306676529	-1.3355078306720627	4.409805853811122e-12	4.502758979797363	
0	875	7381	3.6731383636749464	3.6731383636798753	-2.7009051665049326	-2.7009051665219768	1.7044143874045403e-11	2.89202880859375	
0	254	9023	8.132426639455488	8.132426639446116	-0.3261863046015346	-0.3261863045896352	1.1899370377932428e-11	7.875537395477295	
0	1073	19208	8.715734563903439	8.715734563892395	-0.3019766008278602	-0.3019766008148062	1.305400232354259e-11	8.460254669189453	
0	2484	8810	10.754118471292918	10.754118471224842	0.24457233551853702	0.24457233558029096	6.175393529872508e-11	11.023728370666504	
0	3010	6129	60.73290161702937	60.73290161786979	0.8599155607651201	0.859915560638639	1.2648104785739633e-10	66.44676208496094	
0	2921	18900	12.948656009600779	12.94865600965565	-0.09185768993156708	-0.09185768997433287	4.276579090856103e-11	12.830795288085938	
0	105	12052	4.950397775561677	4.950397775564524	-1.190280222003375	-1.190280222009812	6.437073096776658e-12	4.423837184906006	
0	1447	18275	4.1842837851619095	4.184283785152836	-2.2634876480119663	-2.263487647985372	2.6594282331871e-11	3.411985158920288	
0	2848	14272	4.6428805776047115	4.642880577608715	-1.447115825652361	-1.4471158256622332	9.872103134966892e-12	4.055939197540283	
0	1469	17006	6.5459332363978024	6.545933236387684	-0.6022093316890144	-0.6022093316726275	1.638689184346731e-11	6.174121856689453	
0	2579	17033	5.294910101697155	5.294910101678025	-1.4108347334652362	-1.4108347334240092	4.122702179643056e-11	4.640247821807861	
0	2223	8231	9.659017622152499	9.659017622113698	-0.25356076646801956	-0.2535607664268303	4.118927421359331e-11	9.420159339904785	
0	2605	13702	7.4358662617285916	7.43586626175909	-0.4050900822235116	-0.4050900822661886	4.267697306659102e-11	7.146373748779297	
0	1510	5747	9.89490404202701	9.89490404201803	-0.12102721163260724	-0.12102721162342348	9.183764859699295e-12	9.776580810546875	
0	728	8124	6.95318274517488	6.953182745165316	-0.4688079105325228	-0.4688079105181232	1.439959262938828e-11	6.641809463500977	
0	2271	9535	37.604769358763285	37.604769359296526	0.7637757217727328	0.763775721641762	1.3097078976898047e-10	40.714439392089844	
0	9397	41567	9.465152537110797	51.54524933168637	8.470621023240081	1.671320628944382	6.799300394295699	61.88886260986328	
0	16317	31187	9.74942482756208	11.700678063233381	1.8649255565745164	0.23676896160437005	1.6281565949701464	11.984432220458984	
0	11509	39242	8.393383312646648	5.898430652280599	-5.142485535472469	-0.6413465830363109	4.501138952436158	5.542936325073242	
0	6313	19787	9.56151924875433	258.61265813864134	9.70200501964792	1.940059735709481	7.76194528393844	320.86175537109375	
0	19406	30809	9.439934598221408	33.045822857942014	7.531073597893509	1.3571748104399641	6.173898787453545	38.23497772216797	
0	9136	23124	7.943971273062328	103.70631633297644	9.375508102068267	1.847433470221566	7.5280746318467004	127.20695495605469	
0	6082	31762	8.842833861214924	8.809702399656564	-0.2503746824193343	-0.21196958513045377	0.03840509728888053	8.626839637756348	
0	3507	23141	9.821938637340187	16.067853651511175	4.375616621168145	0.798988636775362	3.5766279843927835	17.463138580322266	
0	9885	22926	9.843810092135374	21.327068119755175	5.874821441991294	1.0626105858041337	4.812210856187161	23.862749099731445	
0	12454	34484	8.421221015701647	22.174338982188317	6.686353166792704	1.2746705008939432	5.411682665898761	25.413755416870117	
0	10337	22480	9.410612695493734	25.071218134309753	6.712274020320052	1.2410277768775337	5.471246243442518	28.623470306396484	
0	16253	43254	10.93698292648707	21.737758070130912	5.580298328118513	1.2156390540904174	4.364659274028096	24.745975494384766	
0	6626	25127	6.127678107607312	5.918903128982411	-1.1558935878279588	-0.7758032168195685	0.38009037100839027	5.492772102355957	
0	4781	31733	8.92322415215364	9.455150335240026	0.8647524049375823	0.32018720048535015	0.5445652044522322	9.767906188964844	
0	10794	24198	8.723413164085049	162.9138015115387	9.565365610155666	1.8830004511639424	7.682365158991724	200.70692443847656	
0	26019	47205	7.944964059104099	27.084330192222914	7.475879484386247	1.3952897733365113	6.080589711049735	31.476167678833008	
0	32489	59723	140.89500376074375	140.89500377369728	0.9415631406717508	0.9415631398389415	8.328093770160194e-10	155.5400848388672	
0	34619	55261	10.963494518895276	19.224703951909675	4.844041449177225	0.958924952527547	3.885116496649678	21.263736724853516	
0	41846	45710	8.68401378229822	29.047845755614674	7.448878256576201	1.4665507489374787	5.982327507638722	34.039981842041016	
0	26555	55380	8.223106832250846	11.480619492108058	3.1361526136756765	0.41709882872574167	2.719053784949935	11.980317115783691	
0	21454	51910	8.630395896484806	23.05974164017259	6.708878645866727	1.2063816025311727	5.502497043335554	26.223268508911133	
0	42272	48476	8.101330388827538	10.306914403238556	2.472204420359336	0.42276503234145346	2.0494393880178823	10.761889457702637	
0	48474	63158	8.668074006504222	113.29260080005928	9.377599855539827	1.8651673888207392	7.512432466719089	139.2685089111328	
0	54009	64575	9.300557918097656	73.69543410563304	8.96273964006294	1.7809927985737077	7.1817468414892325	89.66464233398438	
0	48340	64708	5.872617844638017	5.69539470586861	-1.498382165748853	-1.1513854034710593	0.34699676227779364	5.107342720031738	
0	60158	66036	9.915064476649578	14.903507133858316	3.9053837189085803	0.8390754858643148	3.0663082330442655	16.26856231689453	
0	58290	64463	9.410301544949776	74.67727650444992	8.962137317396966	1.7638390064140435	7.198298310982922	90.67000579833984	
0	56139	63112	9.994258180356237	15.306896892000255	3.92254316712435	0.691954977783641	3.230588189340709	16.44480323791504	
0	54770	64402	10.000725683392917	70.90597190667977	8.838849516904189	1.7673470765686732	7.071502440335515	86.12773132324219	
0	48236	63344	9.339453906150238	13.024693766768191	3.1359194225756477	0.4274330801611427	2.708486342414505	13.606270790100098	
0	63273	67316	7.698558604086271	7.644846996962782	-0.5731346207721711	-0.4993675583881486	0.07376706238402253	7.281245231628418	
0	63853	67168	8.099650313699902	16.49235056020787	5.585804695708272	1.0119013068420282	4.573903388866244	18.349098205566406	
0	65928	68084	8.075136171439716	19.231859120836834	6.300878902909484	1.1901205998515687	5.110758303057915	21.829877853393555	
0	64192	67199	8.874398398824226	186.6530692636581	9.616070776523047	1.9249097548425502	7.691161021680497	231.146728515625	
0	63882	67394	9.176727259522805	12.66897385093408	3.091680022364097	0.462686459409284	2.628993562954813	13.283587455749512	
0	64408	66439	8.997318435145175	9.359598646939792	0.21337286060748922	-0.18068914557478613	0.3940620061822754	9.193482398986816	
0	68017	68548	11.577172132095438	29.494231301030396	6.608296394158647	1.359229221625339	5.249067172533309	34.13379669189453	
0	68339	68505	10.364348592769229	2070.0233975627402	9.959905717270745	1.9921543920318145	7.967751325238931	2584.994140625	
0	66607	68563	9.55972010826457	30.1857996363315	7.289875054168572	1.442501696930726	5.847373357237846	35.27409362792969	
0	67650	68668	10.456064108077646	32.283941895179915	7.210939418197426	1.3885503345861474	5.822389083611278	37.48955535888672	
0	67900	68599	10.24318020922347	24.07085986090206	6.266368971228479	1.2261907503150284	5.04017822091345	27.43490219116211	
0	67897	68576	9.727256366489295	27.292920542879294	6.925838203856571	1.3744584827489783	5.551379721107593	31.641979217529297	
0	68148	68565	9.698127161942026	15.4059834651835	4.1551155456024205	0.7150945995303194	3.440020946072101	16.592504501342773	
0	66659	68655	9.387083006164879	57.95814450008927	8.6615596867155	1.7361424170701039	6.925417269645395	70.13449096679688	
0	66405	68664	9.963431322892228	21.349200485271837	5.84884311299168	1.1050844077247626	4.743758705266917	24.001577377319336	
0	67645	68685	10.178412782163548	88.87072729874079	9.061730717368793	1.807693858159785	7.254036859209007	108.48072052001953	
0	68451	68625	10.59792237952872	8.605735025001001	-2.7990270255066667	-0.3930781161500786	2.4059489093565882	8.280256271362305	
0	67745	68720	10.964916672638287	14.90870752746053	3.093506905726113	0.6094237961791783	2.4840831095469347	15.876243591308594	
0	68559	69224	11.031519516220683	16.601542967875098	3.7774146862733944	0.6355133302168915	3.141901356056503	17.728193283081055	
0	68671	69039	11.151458900820696	19.16017900280785	4.685570496611607	0.868870029621778	3.816700466989829	20.983360290527344	
0	68655	69104	11.66197459653252	134.0464574036309	9.290411711544866	1.8437657795277456	7.4466459320171206	164.3484649658203	
0	68569	68741	11.593101344072677	13.858308187454268	1.932769783514922	0.35649225853150784	1.5762775249834142	14.370609283447266	
0	68519	69175	9.353701212856613	9.322673808033732	-0.5406490934193454	-0.5056844330057843	0.034964660413561166	8.873932838439941	
0	68598	68759	11.851507355329531	10.479524089299376	-1.543745981071634	-0.20739054218216874	1.3363554388894654	10.26660442352295	
0	68520	69162	10.998740953543217	22.17614752730375	5.5592667867407775	1.0463974665291478	4.51286932021163	24.76784896850586	
0	68939	69254	13.540739387137686	51.59249787416915	7.785571985711732	1.5626562661569348	6.222915719554797	61.147796630859375	
0	68891	69254	13.523796764060801	19.924683415216357	3.751395744103186	0.7938973235254789	2.957498420577707	21.642908096313477	
0	69236	69365	11.481568817751414	37.98451662291122	7.4213046114213705	1.4688924999996236	5.952412111421747	44.52471923828125	
0	68847	69289	10.43978285713566	81.84369025059756	8.944847915177741	1.7280328930941795	7.216815022083561	98.94102478027344	
0	68831	69333	13.530897490816107	17.182287297844663	2.5458709280297716	0.5343317132702853	2.011539214759486	18.152217864990234	
0	69351	69381	25.388358470348646	25.388358470121684	0.502924945217026	0.5029249453019259	8.489986491611035e-11	26.732818603515625	
0	69348	69376	40.18461274841798	40.18461274805541	0.7023783482098823	0.702378348293773	8.389067218672608e-11	43.220314025878906	
0	69265	69385	58.762108080885255	58.76210808035263	0.7704614071523121	0.7704614072359697	8.36575253515548e-11	63.66743850708008	
0	69311	69383	15.069020909564953	15.069020909435782	0.09861108763603246	0.09861108772090679	8.487432978654397e-11	15.219098091125488	
0	69256	69379	97.47539158776932	97.47539158687408	0.8554838839906445	0.8554838840746306	8.398615136684384e-11	106.59436798095703	
0	69250	69377	7.227766838861533	7.227766838892147	-1.0055592814906358	-1.0055592815372518	4.661604435796107e-11	6.567378044128418	
0	69365	69379	23.22473584030166	23.224735840414116	0.36063606663892084	0.36063606659224484	4.667599640129083e-11	24.093639373779297	
0	69254	69382	97.17413388229029	97.17413388139532	0.8775999438054318	0.8775999438894491	8.401723761153335e-11	106.52255249023438	
0	69289	69384	18.191611840320267	18.19161184040672	0.3497933055156944	0.3497933054698344	4.585998247819134e-11	18.85100746154785	
0	69326	69377	38.49031194803165	38.49031194768731	0.6811104756142962	0.681110475697665	8.336886736515225e-11	41.30353927612305	
0	69309	69385	20.90204891429666	20.902048914398073	0.32344182774293856	0.32344182769598945	4.694911126534862e-11	21.600706100463867	
0	69360	69383	9.75097548397744	9.750975484020744	-0.4734793113944803	-0.4734793114409942	4.651390383969556e-11	9.310158729553223	
0	69252	69381	22.790050669718966	22.79005066982872	0.4427441423104773	0.4427441422644508	4.6026515931885115e-11	23.845809936523438	
0	69265	69376	9.04400043188382	9.044000431923827	-0.49232574524794803	-0.492325745294362	4.6413983767479294e-11	8.619633674621582	
0	69280	69380	48.31510113687334	48.315101136437775	0.7519995954669447	0.7519995955503158	8.33710878112015e-11	52.24383544921875	
0	69301	69381	22.97046677689576	22.970466777006454	0.4473897194984545	0.44738971945242023	4.603428749305749e-11	24.04627227783203	
0	3063	15867	4.111644133233151	4.1116441332254805	-1.4511269992818356	-1.4511269992604727	2.1362911439837262e-11	3.590602159500122	
0	2956	7142	6.6065389356376745	6.606538935648447	-0.7486483362771758	-0.7486483362947017	1.752598066673272e-11	6.146390438079834	
0	1446	12643	17.514782368382935	17.5147823683764	0.45367225630655994	0.45367225631012154	3.561595462997502e-12	18.34714126586914	
0	946	17129	5.335379398086202	5.335379398091704	-1.1581076996978237	-1.15810769970933	1.1506351427215122e-11	4.781616687774658	
0	817	16584	8.592744277080266	8.5927442770569	0.24597666770947885	0.24597666773600207	2.652322805829499e-11	8.809435844421387	
0	1437	4974	51.126634719327484	51.126634716731424	0.8563215515058666	0.8563215519701564	4.6428971778311734e-10	55.91473388671875	
0	1113	6428	7.325488357517246	7.325488357500047	-0.4934413423648777	-0.49344134234024184	2.4635848916432224e-11	6.981016159057617	
0	1109	11290	5.41876704914698	5.418767049130088	-1.0295072445121314	-1.02950724447775	3.438138662659185e-11	4.912972927093506	
0	2095	19207	8.131217204077304	8.1312172040446	-0.02405930937486645	-0.024059309334549812	4.0316638916237935e-11	8.111701011657715	
0	296	15172	6.589230584472497	6.58923058449242	-1.512740511776383	-1.5127405118111952	3.481215316014641e-11	5.723424911499023	
0	222	3135	4.064101023456799	4.064101023466845	-1.760177589274226	-1.760177589303296	2.90700796767851e-11	3.4558160305023193	
0	2391	12379	5.646438985301273	5.64643898527923	-0.6971979198853308	-0.6971979198435686	4.176214929429989e-11	5.278428077697754	
0	1115	14621	8.7391283023555	8.739128302360859	-0.2300503102579033	-0.23005031026417827	6.274980535181385e-12	8.54260540008545	
0	2461	13934	4.787376495201932	4.7873764951978295	-1.340444095063338	-1.3404440950536192	9.71889235756862e-12	4.2215070724487305	
0	2306	15169	4.539790726361033	4.539790726353129	-1.4432004478051177	-1.4432004477851959	1.992184195387381e-11	3.967238664627075	
0	1692	9646	5.994748850467017	5.994748850464732	-0.6361914120736502	-0.6361914120695956	4.054534485931072e-12	5.6361799240112305	
0	192	9520	5.173873632345992	5.173873632334695	-1.1046629022955214	-1.1046629022712764	2.424505041176417e-11	4.6591901779174805	
0	2067	17673	5.55786022314922	5.557860223140983	-0.9298595898974706	-0.9298595898812725	1.6198153929281034e-11	5.085024356842041	
0	17	12552	5.843942561332787	5.843942561349301	-0.5473909409748324	-0.5473909410046375	2.980504731908695e-11	5.540652275085449	
0	412	13934	13.039353117686154	13.039353117784676	0.38413400909049	0.3841340090178348	7.26552151775195e-11	13.560248374938965	
0	1990	9203	5.293201742647403	5.29320174263267	-0.3129659397470786	-0.31296593971837267	2.8705926524708048e-11	5.132569789886475	
0	488	4980	41.67116550005696	41.671165500483326	0.7466697334946294	0.7466697333999518	9.46775990939841e-11	45.033695220947266	
0	1515	3445	6.704469172401871	6.704469172419688	-0.3940973791751313	-0.3940973792027537	2.7622348852673895e-11	6.450265884399414	
0	1759	19391	5.504094734198419	5.504094734195604	-0.8465855064050845	-0.8465855063995378	5.546674231027282e-12	5.074495315551758	
0	2493	12654	9.178224206517157	9.178224206574656	0.0660559160672758	0.06605591600504336	6.223244142233852e-11	9.23925495147705	
0	430	3943	6.174549778078053	6.174549778072556	-0.6486729103798418	-0.6486729103703605	9.481304630298837e-12	5.798421859741211	
0	489	6516	3.765459914336077	3.7654599143237566	-2.2158525094013597	-2.2158525093613894	3.9970249332554886e-11	3.08243727684021	
0	266	12357	56.52466482956939	56.5246648269547	0.8224964155288441	0.8224964159533723	4.24528190379192e-10	61.590457916259766	
0	1464	16236	5.691818186858658	5.691818186866949	-0.5661403908007113	-0.5661403908161012	1.538991156735392e-11	5.386847019195557	
0	1456	9064	19.39118298492745	19.391182985113087	0.5574882039691799	0.5574882038787844	9.039546888800487e-11	20.536043167114258	
0	324	14162	9.158386981703273	9.158386981708105	0.0689818192543601	0.06898181924912096	5.239142453206114e-12	9.222002029418945	
0	9504	31244	11.125057634202454	15.917406469547064	3.7021527602350774	0.9892247128443923	2.712928047390685	17.664857864379883	
0	5957	41832	8.174513424121331	42.476254141855634	8.403361125400094	1.7035748684256529	6.699786256974441	51.19826126098633	
0	5073	30208	8.341643695124047	12.951817083430193	4.054524921091497	0.7686412282117363	3.285883692879761	14.03023910522461	
0	14654	35191	10.232723763029698	21.02219367201836	5.5982063003656855	0.9569180405017621	4.641288259863924	23.246713638305664	
0	17699	20242	9.599732256120694	361.64676092171294	9.786636558201595	1.9620469022660019	7.824589655935593	449.9239501953125	
0	8010	27150	9.147936047573305	17.119014339152745	5.1751739291158385	0.9710489599132579	4.204124969202581	18.96013641357422	
0	7276	40509	9.810256616546596	38.641139954344325	7.860183883833376	1.5715829612556247	6.288600922577752	45.84626007080078	
0	6651	27292	6.449629136907434	16.35740607921818	6.526981471934055	1.19180759415522	5.335173877778835	18.5706729888916	
0	19285	43022	9.18522812128311	13.135155981265399	3.5358646512192924	0.7560895636868461	2.779775087532446	14.20952320098877	
0	12068	24373	8.804047351796335	27.486880124317217	7.265804433551594	1.4636413494444869	5.802163084107107	32.199771881103516	
0	9081	22880	9.048517938622222	394.5598316200034	9.815594916463603	1.9590324953178988	7.8565624211457035	490.68701171875	
0	15714	24231	10.63085458461246	219.06629511930834	9.608268253434897	1.927721170709466	7.680547082725431	271.3809814453125	
0	18519	27737	11.718238969796287	242.73648678855426	9.61026116019931	1.9267872090585896	7.683473951140719	300.66900634765625	
0	10054	41244	9.57312250764746	16.186352517021568	4.71015603253215	1.055867179274608	3.654288853257542	18.0971736907959	
0	10347	24435	9.785651762307737	12.62719138286495	2.532530120727185	0.36413990588193174	2.168390214845253	13.104373931884766	
0	17415	20247	12.204470743907587	35.21555787788562	7.006326698032371	1.3618642180326292	5.644462479999742	40.76754379272461	
0	33598	47424	10.276953237858256	39.78032600025066	7.811630759430282	1.5291974397533885	6.282433319676894	46.96169662475586	
0	42738	55896	8.947875656803083	19.347285932962425	5.842811430346041	1.0112389779146127	4.831572452431428	21.523862838745117	
0	19583	60204	9.897805987222874	23.38541001850161	6.249739628624264	1.1393114217460056	5.110428206878258	26.392316818237305	
0	27453	51289	7.671381579510806	36.3938432142606	8.223933705538299	1.5741542004101543	6.649779505128144	43.1931037902832	
0	29309	56686	10.282242342447496	1742.2291154057014	9.952733286300134	1.991100573704803	7.961632712595331	2175.366455078125	
0	41283	46320	10.14583719284937	654.2317571467463	9.875508272616797	1.972427705271082	7.9030805673457145	814.9808349609375	
0	38124	56380	8.392183534135972	49.92121919918698	8.604925019797713	1.7013440420246788	6.903580977773035	60.15578842163086	
0	21590	61818	22.68183739657575	22.68183739621515	0.6190052622771837	0.6190052624263244	1.4914069978999578e-10	24.178499221801758	
0	29854	46426	10.829745624771572	32.24921877157797	7.096856333969004	1.354910959588739	5.741945374380265	37.30351257324219	
0	25007	55819	8.705776662583016	9.978575800823792	1.4313132064557357	0.17855683681985648	1.2527563696358792	10.159989356994629	
0	48895	65104	8.745519261598762	8.790730315678813	-0.1428154823483241	-0.19525003375454825	0.052434551406224134	8.6223783493042	
0	56532	63981	10.505927202538022	16.00298621085829	3.7059125172854688	0.41263153132419805	3.2932809859612706	16.691740036010742	
0	61501	64471	4.691559514508402	4.5928454084930195	-2.250062619138882	-1.992311656726236	0.25775096241264617	3.829824924468994	
0	54522	66083	10.042811898818718	97.25249285927259	9.155181954556662	1.8189584989113343	7.336223455645328	118.87544250488281	
0	61641	63150	10.068350772570135	10.233502968625583	0.2164216920808127	0.055940648131165296	0.1604810439496474	10.291071891784668	
0	54675	65237	9.97576537949395	8.36998820319342	-2.2136563966408755	-0.24765078856814565	1.96600560807273	8.16771411895752	
0	56420	63290	10.146734433008804	35.93356905258675	7.609618776188604	1.5347219014223006	6.074896874766304	42.448184967041016	
0	48159	64977	5.655060538045399	5.414545789680314	-2.5831948975558077	-2.048020440261578	0.5351744572942296	4.494137287139893	
0	54777	64905	9.782515649113705	31.71407633949252	7.343791996927783	1.3888015716452897	5.954990425282494	36.82887649536133	
0	53578	65295	9.174115501389977	9.598393602984803	0.49428369311977594	0.054669948517250835	0.4396137446025251	9.651156425476074	
0	64413	67266	7.922655617336909	7.9164961416230115	-0.37519593475560786	-0.36712972937275495	0.008066205382852909	7.636150360107422	
0	63690	67948	8.062868007013108	11.54830627655392	3.358480691490303	0.4874668604764244	2.8710138310138786	12.140095710754395	
0	63893	67397	7.805547137769563	7.77753355590487	-0.30831767261517046	-0.27132181621815304	0.03699585639701741	7.572086334228516	
0	67439	68703	9.912328103494492	50.77661434853346	8.376180537466848	1.6818678962391047	6.694312641227743	61.04328918457031	
0	68006	68636	10.291497879368528	19.419427965923692	5.229564538847139	0.9984796295143208	4.231084909332818	21.573497772216797	
0	67235	68509	9.661084676217072	18.285486949237242	5.237408579577465	0.9858668895566138	4.251541690020852	20.28535270690918	
0	67060	68556	10.701381535882216	9.474262897135064	-1.4221886818835763	-0.11241567922700038	1.309773002656576	9.368941307067871	
0	67963	68643	10.776644712904181	11.343431570785421	0.6544729022733732	0.1629542450217503	0.4915186572516229	11.531339645385742	
0	66829	68637	10.123916901586842	86.92635386603304	9.043350761531315	1.785982536485871	7.257368225045443	105.82684326171875	
0	67820	68598	6.34932385454184	6.297350633401702	-1.1912088207470874	-1.0996017167166185	0.0916071040304689	5.673492431640625	
0	68133	68666	6.780676625691129	6.71091828522899	-1.061385899238554	-0.9475884176393581	0.113797481599196	6.130042552947998	
0	67934	68483	11.000616892546823	10.204404792345919	-0.9230299372137221	-0.132433492321733	0.7905964448919891	10.071030616760254	
0	68558	68847	6.868904858709717	6.765166456063749	-1.4870665575673983	-1.3135818521767042	0.17348470539069405	5.9796857833862305	
0	68696	69076	11.249083331206712	10.275443491509705	-1.2547376622236908	-0.28060842425458704	0.9741292379691038	9.994976043701172	
0	68591	68932	7.878298090505489	7.729819295282222	-1.1529466812229996	-0.9427520341820308	0.2101946470409688	7.063871383666992	
0	68508	69023	10.800796048955029	10.148794094542476	-1.019336155560371	-0.35414178681294933	0.6651943687474218	9.801675796508789	
0	68734	69185	9.499122970534955	51.21956213292582	8.444338655073585	1.6118263589799313	6.832512296093654	61.06163787841797	
0	68615	69081	10.801727980867867	9.466837781620157	-1.832622859079645	-0.37033346297963515	1.4622893961000099	9.128768920898438	
0	68514	68845	10.856867806227779	103.44282278574394	9.140082085544487	1.8068140809190718	7.333268004625415	126.25469970703125	
0	68545	68895	11.668333828874292	66.92868241527316	8.551425701904279	1.691087127430149	6.860338574474129	80.55046844482422	
0	68709	69142	11.601410388157223	38.76289246363949	7.441760807124175	1.4523538594116638	5.989406947712511	45.34920120239258	
0	69360	69383	9.83111413293628	9.831114132980447	-0.5595558770973353	-0.5595558771447752	4.743982984223294e-11	9.310158729553223	
0	69254	69382	97.0146700723775	97.01467006729698	0.8925699014514823	0.8925699019284252	4.769429295947702e-10	106.52255249023438	
0	69341	69376	15.551449397804335	15.551449397670705	0.08036286683631767	0.08036286692155394	8.523626249257177e-11	15.677437782287598	
0	69261	69380	8.764102194122307	8.764102194161566	-0.72278560373509	-0.722785603783125	4.803490938343202e-11	8.173344612121582	
0	69350	69377	10.491160155214342	10.491160155261626	-0.3852933046826835	-0.3852933047294905	4.68070027181966e-11	10.10193920135498	
0	69363	69381	20.655904689765052	20.655904689863824	0.26580097033520605	0.26580097028865884	4.654721053043431e-11	21.219932556152344	
0	69312	69379	45.8559363835354	45.85593638440902	0.6786587103414722	0.6786587101638876	1.775846136808923e-10	49.1945686340332	
0	69316	69380	244.40877866981145	244.40877868876004	0.9478485909086345	0.947848590206837	7.017975089951278e-10	270.0007629394531	
0	69254	69380	9.593057558345272	9.593057558388857	-0.548305654488186	-0.5483056545361099	4.792388708096951e-11	9.094406127929688	
0	69333	69380	77.37833817154487	77.3783381675197	0.833186950523154	0.8331869510000058	4.76851891306751e-10	84.41138458251953	
0	69369	69385	1036.5148142104076	1036.5148148333494	0.9871950722842706	0.9871950668676057	5.416664894397627e-09	1150.046875	
0	69346	69376	18.20827226974537	18.20827226983258	0.22608860042212747	0.2260886003753138	4.681366405634435e-11	18.62946319580078	
0	69312	69377	9.60739331333053	9.6073933133732	-0.5344501644453327	-0.5344501644921197	4.678701870375335e-11	9.119976043701172	
0	69337	69383	58.077566372155786	58.077566369155946	0.7692255332057631	0.769225533682554	4.767908290403966e-10	62.917327880859375	
0	69369	69384	145.3690451252602	145.36904513648722	0.9139043708977204	0.9139043701959895	7.017308956136503e-10	159.99066162109375	
0	2118	16659	6.959385781297031	6.95938578127229	-1.105838496390237	-1.1058384963507553	3.948175120171982e-11	6.266420841217041	
0	601	14748	4.358050536056124	4.358050536052735	-2.34526038059298	-2.3452603805833787	9.601208716958354e-12	3.5301406383514404	
0	1738	12725	3.3462107246960646	3.346210724690357	-2.767915397892569	-2.767915397870791	2.177813485104707e-11	2.6207964420318604	
0	1559	15755	4.950385184545905	4.950385184546457	-3.6641129740449805	-3.664112974046506	1.525446435834965e-12	3.6229100227355957	
0	2313	9028	3.953778286736936	3.9537782867259192	-1.7582576810121635	-1.7582576809793986	3.276490190273762e-11	3.3625545501708984	
0	1075	14601	4.323169560351332	4.323169560342381	-2.1560670564566857	-2.156067056431519	2.516653552220305e-11	3.5563883781433105	
0	2297	14140	48.420991994315166	48.42099199523857	0.7619825093813717	0.7619825092051993	1.761724099935691e-10	52.4149169921875	
0	579	18577	9.34901086545756	9.34901086539711	-0.5726764430983634	-0.5726764430300025	6.836087251826939e-11	8.842615127563477	
0	1694	15791	4.309086565649874	4.309086565650995	-1.7222238882033585	-1.7222238882064071	3.04867242562068e-12	3.675997495651245	
0	2386	11609	12.554461834114113	12.554461834055223	-0.015006465909710446	-0.015006465862732469	4.6977977063988874e-11	12.535650253295898	
0	1978	15597	4.417078574644387	4.417078574631701	-1.3918850990694878	-1.3918850990367695	3.2718272535703363e-11	3.8773903846740723	
0	2575	13703	235.67360372470927	235.67360371595694	0.9394208978984144	0.9394208982349008	3.3648639430339244e-10	260.1087646484375	
0	812	12486	9.390280925769371	9.390280925822347	-0.26224100786544474	-0.26224100792334065	5.7895910288152663e-11	9.150321960449219	
0	123	18461	24.42260529814376	24.42260529779681	0.6231547081674472	0.6231547083006551	1.3320788916360016e-10	26.045652389526367	
0	827	17613	3.8977323377521707	3.897732337757952	-2.835606523785619	-2.8356065238046573	1.9038104426272184e-11	3.036656141281128	
0	1325	13382	5.650056235395188	5.650056235422457	-1.4610096674752484	-1.461009667530562	5.531353153287455e-11	4.929806709289551	
0	1345	12624	5.7573948955331975	5.757394895527519	-0.7254269426074568	-0.7254269425968786	1.0578204978628492e-11	5.367986679077148	
0	2021	3570	6.972255295067447	6.972255295055438	-0.8092525486903004	-0.8092525486716842	1.8616219676914625e-11	6.450265884399414	
0	1890	9937	4.256358636256306	4.256358636264389	-1.6384600949648003	-1.6384600949869048	2.2104540420286867e-11	3.657149314880371	
0	1316	13634	7.986603305103001	7.986603305142473	-0.5032361977590184	-0.503236197810928	5.190958773937382e-11	7.603945255279541	
0	654	15783	20.169705674122397	20.169705674350983	0.49710880335397734	0.49710880324628015	1.0769718450376331e-10	21.224809646606445	
0	2162	6169	4.068214252291701	4.068214252286665	-1.8901882159464893	-1.8901882159317722	1.4717116414431075e-11	3.4214885234832764	
0	653	17574	9.39188049675681	9.391880496814604	-0.3637618932817755	-0.36376189334555115	6.377565142656749e-11	9.062231063842773	
0	641	16032	10.590967390233232	10.590967390224662	-0.042831360172312934	-0.04283136016418832	8.124612094206896e-12	10.545798301696777	
0	1788	10942	12.052805298033565	12.05280529796476	-0.12826284634278154	-0.12826284628496334	5.78181946764289e-11	11.90017032623291	
0	11190	35084	9.205043788381387	132.26751615497963	9.435184771065995	1.884155128962857	7.5510296421031375	162.97442626953125	
0	9944	32358	9.592826126128868	11.64584698038566	2.1189073159537224	0.43222526606161005	1.6866820498921125	12.17194938659668	
0	15814	23522	11.478028393603461	28.670009091449977	6.499703790498032	1.2569022563914458	5.242801534106586	32.79159164428711	
0	10488	41205	9.564822703968227	32.800715646835485	7.495875197573131	1.41258671166847	6.083288485904661	38.19626998901367	
0	18878	21191	9.392317918272274	11.021680559100103	1.5685673752301281	0.10589740952010376	1.4626699657100244	11.139646530151367	
0	6204	24382	9.193366802335078	13.358339356481446	3.6122547168537165	0.7183438831834345	2.893910833670282	14.392193794250488	
0	36416	48521	8.079657706617034	32.26677227373945	7.8769198609741355	1.5213062418791694	6.355613619094966	38.05630111694336	
0	35101	51306	30.476414687732294	30.47641468681431	0.7083980531284574	0.7083980534083313	2.7987390183170646e-10	32.799957275390625	
0	23987	59108	10.662909058522358	63.63628087498252	8.608040313074778	1.6927794171676585	6.915260895907119	76.60357666015625	
0	34073	57024	8.403229260130699	16.519291242145734	5.281714031632355	0.7246681409734047	4.557045890658951	17.809919357299805	
0	38530	50922	8.574171234372574	19.552094570136237	6.139364903622949	1.1964083242764003	4.942956579346549	22.209224700927734	
0	33062	55691	20.208626063008936	20.208626062551176	0.5283339498793872	0.5283339500939367	2.1454948928578688e-10	21.335872650146484	
0	21769	53737	8.219198271524679	15.972323409244243	5.316435322954246	0.8984541729505671	4.417981150003679	17.549022674560547	
0	40224	47849	14.0750710089557	14.075071009024468	0.41535733387863105	0.41535733383180184	4.68292071786891e-11	14.68502426147461	
0	53842	64015	7.941108492743602	8.018991981299566	-0.36687544642281195	-0.4685499703170982	0.10167452389428627	7.660079002380371	
0	57279	66037	9.4133758052541	16.06288242503817	4.561993416212957	0.720644518069692	3.8413488981432646	17.31034278869629	
0	53092	63662	9.891613804175664	10.669607305506993	0.6957718536710179	-0.03602269230006173	0.7317945459710796	10.63131046295166	
0	61070	63596	9.075399902501882	14.542224989518624	4.163997045667005	0.6485147857771524	3.5154822598898523	15.550711631774902	
0	51558	65869	8.513670797644014	14.6369162408727	4.704372667801041	0.8956247491126725	3.808747918688369	16.076793670654297	
0	64992	67853	10.022165424550984	9.602068550392682	-0.572718620983328	-0.12954433120858425	0.4431742897747438	9.479269981384277	
0	62998	68200	8.516043917168918	26.104004866395773	7.186686849282166	1.3764253811589513	5.810261468123215	30.27051544189453	
0	65598	66795	7.785699643738925	11.735475392868244	3.710968719663702	0.5204701937458701	3.190498525917832	12.379807472229004	
0	64143	67387	8.959857815072827	14.842700775971876	4.321156427129119	0.592554296578598	3.728602130550521	15.777609825134277	
0	67842	68579	8.77435015261228	33.21132068008185	7.746107086948017	1.4689112000336926	6.277195886914324	38.92975616455078	
0	67089	68488	11.440258856422922	23.985107700610882	5.744677976100732	1.0784923378981672	4.666185638202565	26.88459014892578	
0	67400	68653	9.161486927582496	27.887694683342957	7.183200236985318	1.425622020093318	5.757578216892	32.524452209472656	
0	68114	68649	10.781985052150524	15.803270507784113	3.639231316586818	0.6769534872086581	2.96227782937816	16.95075798034668	
0	66981	68528	10.677893416557234	16.84424304668824	4.20492526359597	0.8583422285942923	3.346583035001678	18.42580795288086	
0	68688	68745	11.34732986592562	51.44614513376235	8.148343656134726	1.605022315390832	6.543321340743894	61.28205108642578	
0	68934	69372	11.919766979615503	10.612817957566083	-1.6813029720854193	-0.40050045960857716	1.2808025124768423	10.204141616821289	
0	68737	69279	11.517471254312415	8.517994862791612	-4.595500436570154	-0.7944178885644961	3.801082548005658	7.891110897064209	
0	68778	69271	16.9706437134239	21.932642104260257	2.7435127355473328	0.6218090018900692	2.1217037336572635	23.386857986450195	
0	68984	69372	13.345809926692613	17.377528951634723	2.833118412167312	0.6680304178163278	2.1650879943509844	18.621501922607422	
0	69266	69383	17.593682702462207	17.593682702546896	0.32594760714061205	0.32594760709404375	4.656830476790219e-11	18.186466217041016	
0	69372	69376	30.200514153722107	30.200514153452534	0.6132421246310772	0.6132421247148646	8.378742144543594e-11	32.17353057861328	
0	69375	69376	16.607422188649732	16.607422188730855	0.271042939080729	0.2710429390332059	4.7523096569079826e-11	17.07009506225586	
0	69348	69377	4.801207552725271	4.801207552718532	-2.1362614096768833	-2.1362614096598502	1.7033041643799152e-11	3.9560844898223877	
0	69348	69381	20.298260979781357	20.29826097987723	0.34412334780159376	0.3441233477559869	4.5606851628576806e-11	21.021665573120117	
0	69316	69383	17.085815652293963	17.085815652375995	0.30436311629985174	0.3043631162533012	4.655054119950819e-11	17.622169494628906	
0	69342	69383	7.93791049334653	7.937910493379414	-0.6437261732280876	-0.6437261732721812	4.409361764601272e-11	7.457830429077148	
0	69335	69379	9.219572122966783	9.219572123009895	-0.6892171531413861	-0.6892171531913706	4.99844610146738e-11	8.625114440917969	
0	69375	69379	38.28569875497067	38.28569875570036	0.643953992956159	0.6439539927778405	1.7831847110016952e-10	40.92081069946289	
0	1411	3681	8.492973676082059	8.49297367610924	-0.4000255581042246	-0.40002555813750906	3.328448627826219e-11	8.166300773620605	
0	587	5013	22.735459320956227	22.735459321125003	0.552269528512226	0.552269528442091	7.013500891162039e-11	24.06446647644043	
0	2465	11872	8.51932671492793	8.51932671495819	-0.6223638148308842	-0.622363814868614	3.772981926886132e-11	8.020179748535156	
0	1579	4229	4.040120220639237	4.040120220643047	-2.1436380450436214	-2.1436380450550745	1.1453060722033115e-11	3.326943874359131	
0	142	5159	5.933330276497793	5.933330276490992	-0.7430200527795706	-0.743020052767256	1.2314593789142236e-11	5.522963047027588	
0	254	13119	3.9491137757449044	3.9491137757386077	-2.4294716993291914	-2.429471699309374	1.9817480989559044e-11	3.177217721939087	
0	2081	6656	3.9466051147227468	3.946605114719723	-2.5419716164068156	-2.5419716163972055	9.610090501155355e-12	3.1467182636260986	
0	2961	11752	6.096458777285825	6.096458777280759	-0.5364868382947231	-0.5364868382859657	8.757439218243235e-12	5.786045074462891	
0	175	14119	4.590360644259858	4.590360644254546	-1.3523662870126765	-1.3523662869995403	1.3136158827364852e-11	4.043527603149414	
0	222	5695	4.211888099504274	4.2118880994986165	-1.7096562000365472	-1.7096562000208175	1.5729639812889218e-11	3.596935749053955	
0	187	15661	8.763998891786004	8.763998891781009	-0.09688127786852133	-0.09688127786276593	5.7553961596568115e-12	8.679906845092773	
0	1992	12788	3.278053914743037	3.2780539147360384	-2.507853956798019	-2.5078539567713136	2.6705304634333515e-11	2.6207964420318604	
0	556	5766	9.955228211081021	9.955228211070908	-0.2570300838916962	-0.25703008388127785	1.0418332863082469e-11	9.705760955810547	
0	1469	9838	11.261242628796667	11.26124262881231	0.15317949188369265	0.1531794918700147	1.3677947663381929e-11	11.43642520904541	
0	1170	15401	15.597381563335428	15.597381563127955	0.38821865291286517	0.38821865304071956	1.2785439373885765e-10	16.227357864379883	
0	2073	5388	8.11045147041061	8.110451470401133	-0.3389882825836921	-0.3389882825716129	1.2079226507921703e-11	7.844531059265137	
0	1379	11857	5.145229965297048	5.145229965301596	-0.9376839782747484	-0.9376839782844162	9.667822098435863e-12	4.704131126403809	
0	2907	11229	3.4585874031509145	3.4585874031443495	-2.4115143524379583	-2.4115143524143994	2.3558932582545822e-11	2.7865958213806152	
0	2067	16393	12.84559188823673	12.845591888222115	0.1950165399296822	0.19501653994083773	1.1155520951433573e-11	13.10108470916748	
0	1026	14081	301.5495770374692	301.54957704142953	0.9671928378333474	0.9671928377147168	1.1863066085027185e-10	333.8381652832031	
0	1089	5392	16.58895876064436	16.5889587608661	0.37175397801698323	0.37175397788828507	1.2869816323757277e-10	17.22947120666504	
0	677	14498	5.071152677657842	5.071152677647718	-1.4046565842811234	-1.4046565842583527	2.277067423506196e-11	4.446563243865967	
0	519	5507	4.348143187913568	4.348143187898972	-1.5009395745798209	-1.5009395745412162	3.860467501226594e-11	3.7806851863861084	
0	308	11082	4.038282439971207	4.038282439966478	-2.335588349880278	-2.335588349865834	1.4444001550373287e-11	3.273684501647949	
0	2174	9247	7.212456531232617	7.212456531226042	-0.464382108752588	-0.46438210874304897	9.539036227579345e-12	6.892386436462402	
0	1219	11569	5.935893957313113	5.935893957306634	-0.8542600391055146	-0.8542600390936663	1.184830011879967e-11	5.468722820281982	
0	2344	15428	6.437292590751753	6.43729259075419	-0.5939378195245771	-0.5939378195285873	4.0101255649460654e-12	6.076392650604248	
0	1188	13346	7.412350170436681	7.412350170423667	-0.33385060868469824	-0.33385060866655497	1.8143264668424308e-11	7.172883033752441	
0	2705	14504	6.154141926201342	6.154141926183729	-0.9794238055160267	-0.979423805484603	3.142375248899043e-11	5.605159282684326	
0	2420	3674	6.355011580354864	6.3550115803463605	-1.2164057155676613	-1.2164057155526533	1.5007994846882866e-11	5.665818214416504	
0	48	7432	6.655977841844338	6.6559778418417315	-0.9579852826216031	-0.957985282617311	4.292122213200855e-12	6.074089050292969	
0	12609	31651	8.054866323641814	50.44077553969279	8.657383311245164	1.5923338374274625	7.065049473817702	59.99378967285156	
0	7735	23033	11.52165079606282	18.755143171908358	4.392720050372553	0.8723723603764324	3.520347689996121	20.547664642333984	
0	14020	44491	7.921652553327565	7.897740349358386	-0.3247253476439727	-0.29355925738987493	0.031166090254097778	7.672506809234619	
0	9924	39422	7.0994662750711	7.166430549575682	-0.5283746125650725	-0.6276813689220241	0.09930675635695163	6.743174076080322	
0	13288	35130	8.191170991200975	11.412075693594558	3.29525865962432	0.6588428242392964	2.6364158353850238	12.2169828414917	
0	11208	36292	10.603838205830117	105.54978615028739	9.176247934752938	1.8004355932288012	7.375812341524137	128.72608947753906	
0	18395	41011	10.444329666885704	15.750192425144967	3.768676363675067	0.6030784678652757	3.1655978958097912	16.76101303100586	
0	9944	34332	9.516036810848343	44.861862972997145	8.210887592371677	1.565510173015439	6.645377419356238	53.18859100341797	
0	39120	51655	9.18050675248051	11.779493546709018	2.40780864639718	0.258471403990801	2.149337242406379	12.09203815460205	
0	36878	57630	10.531791845310607	23.328991123333832	6.005651946583426	1.1521124182536637	4.853539528329763	26.366735458374023	
0	29892	52073	11.735072099072806	25.922489823411002	6.052713644562852	1.2805401181136968	4.772173526449155	29.729467391967773	
0	36443	48244	8.838030779342512	8.853857793206727	-0.11742516582245568	-0.13554330009552198	0.0181181342730663	8.735454559326172	
0	37940	46599	8.26018262248018	13.92682812202252	4.525907930884512	0.77057459199281	3.7553333388917016	15.089593887329102	
0	26990	45480	8.32008090613999	9.139144636950705	0.782975553429929	-0.12438706904289501	0.907362622472824	9.026862144470215	
0	22095	62309	10.578055668996708	15.844924547672395	3.753072072851914	0.6426942003608239	3.1103778724910898	16.933212280273438	
0	57309	64670	9.325800503774472	10.253257159908987	1.006232860171923	0.11179712844236137	0.8944357317295617	10.369181632995605	
0	53743	64574	9.136485126248305	20.602912660825666	5.985438480046895	0.9471028273791873	5.038335652667707	22.758363723754883	
0	58153	63936	9.975322630795889	29.226523755616626	7.069009315579339	1.412541525097837	5.656467790481502	34.03396224975586	
0	56512	65402	8.917623683551192	13.30196702473017	3.6093359814121024	0.46737056216150774	3.1419654192505946	13.954142570495605	
0	45056	64244	9.73228449538394	10.013182079944022	0.38669909927188784	0.10923567288473549	0.2774634263871524	10.123769760131836	
0	51965	65968	10.12884141426596	25.233814154269258	6.486119205533755	1.2459272189875539	5.2401919865462006	28.825227737426758	
0	56451	65592	10.316076381095806	138.2495826269589	9.39441552953387	1.884336913137769	7.5100786163961	170.34909057617188	
0	45050	64236	8.727933418964652	8.706743558632486	-0.2200021091536098	-0.19518977307221302	0.02481233608139677	8.540050506591797	
0	46804	65118	9.613614580964759	12.297012943148502	2.4670569192877916	0.364425598366045	2.1026313209217466	12.762096405029297	
0	49372	62988	10.076123105042283	25.549688724635583	6.556175625389609	1.2676095879002172	5.288566037489392	29.258527755737305	
0	63543	67691	9.482142974119654	167.51653839030214	9.541058658133219	1.8921002221165655	7.648958436016653	206.60903930664062	
0	63166	68180	9.341254451179028	48.067182337967544	8.378160945759115	1.6545219969686225	6.723638948790493	57.5966796875	
0	63639	67050	8.988861893151181	9.452833070281802	0.48831164568634133	-0.0026458631405534843	0.4909575088268948	9.450332641601562	
0	64187	66890	8.571646101964102	59.96180189385988	8.821308509138234	1.7546215944639914	7.066686914674243	72.72171020507812	
0	64889	66274	9.064984791869431	17.77523246112976	5.401594891373823	0.983137684953518	4.418457206420305	19.71332359313965	
0	66564	68561	10.115097598368003	16.222135489493404	4.261622493430942	0.797050004100426	3.464572489330516	17.627103805541992	
0	68182	68606	7.311200188091613	7.270402203389592	-0.7360377623961579	-0.6761284871578767	0.05990927523828127	6.809961318969727	
0	67996	68626	9.626819562291042	9.358973008712432	-0.4199213176831186	-0.1300083307986433	0.2899129868844753	9.238860130310059	
0	66935	68659	9.796919952331763	136.89461410506198	9.418736908702481	1.8778772344924015	7.54085967421008	168.5453643798828	
0	67455	68623	10.513078750693335	51.245740760230476	8.283168171280627	1.6313459729707418	6.651822198309885	61.23534393310547	
0	67695	68489	10.244939724151553	124.81703049541134	9.331372197583947	1.8539162697556981	7.477455927828249	153.22335815429688	
0	67035	68673	10.726914715479252	12.816272974592424	1.9412451489618703	0.3715835591398054	1.569661589822065	13.310883522033691	
0	66782	68500	9.728986123211145	14.924679950985059	3.9623230698483787	0.7379458980853061	3.2243771717630727	16.11379051208496	
0	68506	69029	11.521434076615956	15.26786352921581	2.8170366894013417	0.48134955837059745	2.335687131030744	16.039945602416992	
0	68718	69079	10.92344451210401	12.229856730455907	1.0534650196789321	-0.016514563890430715	1.0699795835693628	12.20969295501709	
0	68673	69232	10.813917784462634	12.833268403545947	1.8035080561694554	0.2729257629633031	1.5305822932061524	13.19334888458252	
0	68663	69044	9.253495878189778	21.133939841822535	6.0817351096272025	1.0511253727749483	5.030609736852254	23.616310119628906	
0	68500	69050	7.923130599208164	7.912192067032376	-0.8431653949146403	-0.8281955150073819	0.014969879907258399	7.307027339935303	
0	69132	69316	9.01116725023821	8.811132106902843	-0.913663404911609	-0.6713955429475861	0.24226786196402295	8.256775856018066	
0	68764	69301	11.63264970680505	43.05431145566732	7.706666805490154	1.5120042194439813	6.194662586046173	50.7237663269043	
0	69107	69318	14.163417450093847	25.93281950202507	5.136724354289263	1.0954789016703517	4.041245452618911	29.123205184936523	
0	69107	69255	11.374836640328784	11.379791666531933	-0.23836746297059902	-0.24282742847697053	0.0044599655063715105	11.110010147094727	
0	69206	69302	9.342264055963701	9.305202685335466	-0.6139314218499871	-0.5718252638682132	0.04210615798177386	8.801888465881348	
0	69316	69384	10.974249213030413	10.974249213081016	-0.07203950449717002	-0.07203950454361287	4.644284956611955e-11	10.895756721496582	
0	69316	69378	7.322061458033484	7.3220614580220875	-1.2306747366342743	-1.230674736616795	1.7479351299698465e-11	6.519698619842529	
0	69369	69380	24.264582499029316	24.264582498816313	0.4153231598206043	0.41532315990474145	8.413714169819286e-11	25.316015243530273	
0	69362	69380	188.11144776221613	188.11144777133828	0.928621188224056	0.9286211877841546	4.399014486011765e-10	207.3680877685547	
0	69369	69377	7.222397846406411	7.222397846394938	-1.1494849858960323	-1.149484985878322	1.7710277688820497e-11	6.477786064147949	
0	69301	69378	22.099917760175906	22.09991776028342	0.36601485196997136	0.3660148519231022	4.686917520757561e-11	22.939538955688477	
0	69316	69376	16.625983295877315	16.625983295957305	0.3104467118927235	0.31044671184610634	4.66171545809857e-11	17.158668518066406	
0	69320	69378	10.631030621869133	10.631030621916745	-0.4263294283686704	-0.42632942841536636	4.6695980415734084e-11	10.196331024169922	
0	69365	69385	8.460979331438011	8.460979331474343	-0.8075795308972913	-0.8075795309436986	4.6407322429331543e-11	7.8287458419799805	
0	69339	69385	13.04784170476614	13.047841704826391	-0.09483918969847463	-0.09483918974508845	4.661382391191182e-11	12.925259590148926	
0	69356	69378	16.370384564928457	16.370384564787837	0.12248935431883992	0.1224893544036865	8.484657421092834e-11	16.57339096069336	
0	69348	69380	203.97889160909676	203.97889161899454	0.9342143064366895	0.9342143059967858	4.399036690472258e-10	224.9985809326172	
0	69274	69379	12.541071464377836	12.541071464435632	-0.18186655756014194	-0.1818665576070644	4.6922465912757616e-11	12.317065238952637	
0	69274	69376	25.573662625103587	25.57366262487576	0.5634102225604566	0.5634102226445238	8.406719764764148e-11	27.100534439086914	
0	1953	17120	6.830204194627565	6.830204194628941	-1.0626326353233042	-1.0626326353255313	2.227107387398064e-12	6.174121856689453	
0	59	10253	8.013378910770392	8.01337891073208	-0.6062823445983724	-0.6062823445476618	5.071054687277865e-11	7.555313587188721	
0	596	14490	4.942618378736732	4.942618378742256	-1.1155147375156307	-1.1155147375280519	1.2421175199506251e-11	4.44659423828125	
0	235	5941	11.112340716121562	11.11234071606417	0.09404026426481085	0.09404026431597326	5.116240764380109e-11	11.217833518981934	
0	3045	12018	8.273557874109425	8.273557874090065	-0.31592574420859615	-0.3159257441844577	2.4138469001400154e-11	8.020179748535156	
0	1768	15284	77.82723025120407	77.8272302498264	0.8887437269067757	0.88874372706806	1.6128431923334574e-10	85.41876983642578	
0	1631	5535	16.689176523396533	16.689176523464205	0.3135875017797985	0.31358750174052213	3.927635994216416e-11	17.22947120666504	
0	3045	8178	4.264984306316411	4.264984306306252	-1.9594342710425976	-1.9594342710141093	2.8488322811881517e-11	3.566209077835083	
0	465	4472	3.8443836176337403	3.844383617633993	-3.008117297934215	-3.00811729793507	8.548717289613705e-13	2.9553728103637695	
0	2579	3721	4.35333825395212	4.353338253953835	-2.9162102369520686	-2.916210236957158	5.0892623448817176e-12	3.370445489883423	
0	2039	17147	6.530469545092637	6.530469545104401	-0.5771633548455047	-0.5771633548645584	1.9053647548616937e-11	6.174121856689453	
0	1857	14288	79.17600030086702	79.17600030393768	0.9087131125963257	0.90871311224374	3.5258573838348184e-10	87.08998107910156	
0	1026	5889	5.363450365091671	5.363450365097013	-1.3678905373310337	-1.3678905373423558	1.1322054405127346e-11	4.718070030212402	
0	3009	9200	3.9714694898910787	3.9714694898862932	-1.810870071057236	-1.810870071043003	1.4233059175694507e-11	3.3625545501708984	
0	528	9352	4.411251885550453	4.411251885547737	-3.301872226706096	-3.301872226697907	8.189005029635155e-12	3.3162639141082764	
0	1169	11304	5.48871497160197	5.488714971610089	-1.1718811665609377	-1.1718811665774644	1.652677994457008e-11	4.912972927093506	
0	1266	16953	1660.1664768011788	1660.1664775627003	0.9955713195649032	0.9955713154345549	4.13034828561365e-09	1843.72216796875	
0	1457	9576	6.806769864839648	6.806769864816196	-0.9714106139091452	-0.9714106138713443	3.780087354243733e-11	6.204097270965576	
0	3028	18426	8.14077912919321	8.140779129141185	-0.4991285082522535	-0.4991285081851583	6.709521827019671e-11	7.7537665367126465	
0	56	18444	6.578021996479675	6.578021996448028	-1.7721764721214122	-1.7721764720647752	5.6636917378227736e-11	5.587770462036133	
0	2969	7148	5.3955887238920415	5.395588723895947	-0.42076474539550557	-0.4207647454030484	7.542855229303314e-12	5.177728176116943	
0	362	13141	4.237515248618055	4.23751524863112	-3.3371887590752167	-3.337188759116337	4.112044038606655e-11	3.177217721939087	
0	1512	19060	5.433598408966552	5.433598408985767	-2.4870725159599676	-2.4870725160041256	4.4158010581440976e-11	4.351378917694092	
0	1256	14644	24.392987658205335	24.392987658093354	0.6732948006862806	0.6732948007290974	4.281686116769379e-11	26.15391731262207	
0	501	14970	8.794536878586213	8.794536878544022	0.14219572044607445	0.1421957204933655	4.729105995693317e-11	8.921395301818848	
0	2191	16423	12.625126690097332	12.62512669001057	0.3632966503430802	0.363296650409305	6.622480341889059e-11	13.10108470916748	
0	824	18124	6.1311044097299	6.131104409746903	-2.5031120773481135	-2.5031120773827857	3.467226505904364e-11	4.90366268157959	
0	3275	40019	9.170397121217679	25.04300624586052	6.81074563325809	1.2906152296106457	5.520130403647444	28.754047393798828	
0	16507	36224	9.324111835991728	48.24588707837631	8.371271232103405	1.5724451186953918	6.798826113408014	57.24778747558594	
0	11110	43457	9.441302595967484	14.779911193374543	3.8685537107588583	0.4015117913246392	3.467041919434219	15.398165702819824	
0	13713	39546	8.645344180121697	137.11055906120257	9.487017031137038	1.864363039310886	7.6226539918261516	168.53082275390625	
0	3216	37418	4.740992781937676	4.4369685127549765	-2.9695935435846614	-2.137896179752477	0.8316973638321845	3.6554675102233887	
0	4634	30832	9.43206955942295	23.028343196702092	6.443614811999664	1.317106162865266	5.126508649134398	26.521507263183594	
0	15475	41885	8.36333673699841	30.229055026826344	7.661017914942131	1.5458123498502823	6.115205565091848	35.756309509277344	
0	21456	57959	48.400016585812416	48.40001658433535	0.8059462501525652	0.8059462504331496	2.8058444456746656e-10	52.642738342285156	
0	57602	65421	9.83892329471683	47.58627126483649	8.265249395766347	1.609822502201183	6.6554268935651635	56.716644287109375	
0	56142	63544	9.456356642712276	11.878000144910299	2.3026666865998995	0.33148498238475993	1.9711817042151396	12.285237312316895	
0	46914	65563	9.759922132804673	50.56385580459503	8.393124036711974	1.675154432792893	6.717969603919081	60.73849105834961	
0	46278	65628	9.982143837818638	13.118347737941045	2.8990347911589347	0.6680436188791062	2.2309911722798286	14.057446479797363	
0	61623	65467	10.51873348157115	106.29267692173511	9.19240559746876	1.8391913758011507	7.353214221667609	130.2477264404297	
0	65033	68437	9.808383201109928	145.68343108673406	9.453643815688258	1.884998588046211	7.568645227642047	179.5236053466797	
0	65247	68090	9.486527103463962	20.608172346108983	5.894147278549269	1.080600984052337	4.813546294496932	23.104888916015625	
0	63254	67672	9.763490476218369	10.370954024852988	0.6774005117703953	0.09736825984027256	0.5800322519301228	10.47292709350586	
0	65093	67019	8.79973807425467	35.98417494832008	7.930870195087084	1.5388471494844806	6.3920230456026035	42.528690338134766	
0	64618	66345	9.079454841246601	28.137520341212085	7.227695491218197	1.408539843877691	5.819155647340507	32.75056838989258	
0	63737	66380	9.497155859889215	181.87973857460324	9.577719929042324	1.9129274022524771	7.664792526789847	224.90182495117188	
0	66519	68604	9.647736579743558	51.836118715143336	8.451026489403047	1.6775531630393752	6.773473326363671	62.28470993041992	
0	67876	68615	10.018875344851697	9.129902725298646	-1.1073260553632915	-0.1217754421659634	0.9855506131973282	9.020060539245605	
0	67566	68491	10.490766999872418	23.564079396878814	6.063742032238662	1.1584829517181097	4.905259080520552	26.65162467956543	
0	67856	68629	9.906670475019581	44.67176781664059	8.146593144607827	1.6425038137058339	6.504089330901993	53.45113754272461	
0	67875	68531	9.93777040773262	20.20416416319241	5.596281911853084	1.0469411617610382	4.549340750092046	22.5667724609375	
0	67523	68577	9.74769395558956	20.136207485814126	5.714757217806326	1.1477998609241005	4.5669573568822255	22.747121810913086	
0	66204	68626	10.496490669467923	18.50088873508575	4.868145116024255	0.9547029380768781	3.913442177947377	20.45359992980957	
0	66417	68499	10.137907267822865	54.34197758994259	8.44569400262895	1.6684913912030834	6.777202611425867	65.22465515136719	
0	67672	68728	9.724991762474682	12.784517798053523	2.853518070169167	0.6052027953449858	2.2483152748241815	13.60808277130127	
0	67083	68542	9.843311303508793	8.191063214596607	-2.4964737486322246	-0.39887932814906224	2.0975944204831625	7.876871109008789	
0	67689	68626	10.619132304770137	11.642130359601035	1.0439407391005397	0.18115544366403838	0.8627852954365014	11.856925010681152	
0	67688	68679	10.178977610918079	16.882318568149927	4.514125451708764	0.9014161058946448	3.612709345814119	18.554885864257812	
0	66219	68572	10.204100612503616	48.136159884542735	8.231733254516021	1.6584935790580129	6.573239675458008	57.70679473876953	
0	68592	68978	11.626794453258873	31.099766128291296	6.7555910988185675	1.3217388974303415	5.433852201388226	35.836402893066406	
0	68710	68948	11.922112943940231	22.769515071248666	5.323522670842408	1.0686032310464957	4.254919439795913	25.493789672851562	
0	68583	69176	12.140504188891887	14.9714620916786	2.234814916161076	0.42410658496929055	1.8107083311917855	15.634532928466797	
0	68633	69057	11.129435002264524	61.144887927952404	8.487712716080472	1.691524639722281	6.796188076358191	73.59339141845703	
0	68541	68900	11.108630115685926	54.79295833225961	8.310115469719277	1.664699275272931	6.645416194446345	65.73603057861328	
0	68583	68972	12.144247288323038	158.1511201451288	9.37600300574063	1.8738624744407344	7.502140531299895	194.6202850341797	
0	69359	69379	279.4718643940898	279.47186448854217	0.947978174024753	0.9479781709654647	3.0592883781821456e-09	308.7397155761719	
0	69335	69384	8.655312442991693	8.655312443029072	-0.827470958207708	-0.8274709582544684	4.676037335116234e-11	7.993844985961914	
0	69330	69383	6.699533896359497	6.699533896356903	-1.6964696824300312	-1.6964696824255037	4.527489494421388e-12	5.72782564163208	
0	69277	69380	11.961660960084467	11.961660960139197	-0.3301648951447445	-0.3301648951920089	4.7264414604342164e-11	11.579351425170898	
0	69339	69378	34.1983108895779	34.19831088927062	0.5857534060410031	0.585753406125591	8.458789224619068e-11	36.32612609863281	
0	69334	69382	4.089226360191768	4.089226360189503	-4.073863430684547	-4.0738634306767505	7.7964301681277e-12	2.9055464267730713	
0	69362	69380	188.17152365463312	188.1715236691846	0.9257241227660364	0.9257241220643133	7.017231240524779e-10	207.3680877685547	
0	69316	69383	17.404443363965772	17.40444336405405	0.12355239843169999	0.12355239838160562	5.009437309411169e-11	17.622169494628906	
0	69339	69383	29.84431419866859	29.844314198404636	0.5088161086394262	0.5088161087233701	8.394396289190809e-11	31.44424819946289	
0	69370	69380	6.709636929453696	6.709636929453773	-1.6815922301290658	-1.6815922301292012	1.354472090042691e-13	5.74376916885376	
0	69302	69381	22.688658611846346	22.688658611646993	0.3675448637077173	0.3675448637923529	8.463563183624956e-11	23.55438804626465	
0	69263	69385	61.30453503158835	61.304535029275755	0.8246208456619388	0.824620846008062	3.461231301571388e-10	66.81417083740234	
0	69327	69379	34.73753183199029	34.7375318316818	0.5637045438584555	0.5637045439422551	8.379963389870682e-11	36.812679290771484	
0	69372	69378	27.65195964745141	27.65195964720519	0.4820402887723342	0.4820402888570853	8.475109503081057e-11	29.05240249633789	
0	69341	69378	25.413127936615098	25.413127936389763	0.4335373360256901	0.4335373361105145	8.482436975043584e-11	26.56481170654297	
0	69327	69380	14.453966143673128	14.45396614354984	-0.07344750581047556	-0.07344750572455096	8.592460076783937e-11	14.348579406738281	
0	69317	69385	10.236449549491192	10.236449549539406	-0.16342166766587732	-0.16342166771374791	4.78705963757875e-11	10.071853637695312	
0	69365	69381	25.069143574331928	25.06914357411037	0.43139499378907387	0.43139499387364066	8.45667980087228e-11	26.199371337890625	
