0	1416	11620	10.010048265641204	10.010048265642732	0.16451240725672278	0.16451240725644256	2.802202914153895e-13	10.907236099243164	
0	2451	12649	9.753000826728924	9.753000826761273	0.0609000736658718	0.06090007365944006	6.431744026258457e-12	10.059307098388672	
0	2090	8965	7.528997110865083	7.528997110849853	-1.4259926988549605	-1.4259926988480305	6.930012119710227e-12	4.395220756530762	
0	1609	9364	9.922891745399482	9.92289174540912	0.3222780372646279	0.32227803726299853	1.6293633109398797e-12	11.82900619506836	
0	1431	16491	7.851730410210221	7.851730410201824	-1.691772810458128	-1.69177281045418	3.947953075567057e-12	4.253636837005615	
0	350	7775	5.508465636377669	5.508465636386218	-1.1826976669427816	-1.1826976669477207	4.9391601919523964e-12	3.4615073204040527	
0	2221	5158	20.29039038955799	20.29039038932099	0.6855892984266523	0.6855892984420053	1.5353052162936365e-11	30.87374496459961	
0	1718	15531	6.207551504751704	6.207551504747361	-1.2019223698949268	-1.2019223698926869	2.239985974483716e-12	3.8773903846740723	
0	1831	15555	6.428979897783599	6.428979897796494	-1.77276520964528	-1.7727652096528477	7.567724225054917e-12	3.40809965133667	
0	898	17121	7.716674014325772	7.716674014302724	-0.43210886204856935	-0.4321088620413054	7.263967205517474e-12	6.345664978027344	
0	2800	16056	8.19908743769367	8.199087437674827	-1.0042372928586634	-1.0042372928517587	6.9046990347487736e-12	5.458348751068115	
0	2226	14633	13.770187157104536	13.770187157224697	0.4543750352901055	0.45437503527661804	1.3487433392356252e-11	17.81827735900879	
0	1222	5427	13.678342732467327	13.678342732581577	0.4325277342834928	0.43252773427040014	1.3092638084799546e-11	17.452739715576172	
0	1139	16409	7.917367907002985	7.9173679070054686	-1.0502050623655572	-1.0502050623665142	9.57012247226885e-13	5.1913676261901855	
0	2096	14600	14.240525330727731	14.240525330831074	0.4015822580595507	0.4015822580479509	1.159983220588856e-11	17.81827735900879	
0	1257	16436	7.7288969941194	7.728896994088304	-0.9775957129784096	-0.9775957129664299	1.1979750524915289e-11	5.1913676261901855	
0	16535	32119	8.69450033177423	7.853146031589937	-0.6108715804528084	-0.3582212903130557	0.2526502901397527	6.660228252410889	
0	19374	44095	10.754030447216088	9.9354852078691	0.14457447112090094	0.2858005668699619	0.14122609574906098	11.5919828414917	
0	13583	38285	14.245993592413388	14.710231240136338	1.256673342712319	1.2324503766811699	0.02422296603114904	38.33037185668945	
0	15531	23903	10.020760098829813	9.685349674106412	-0.023948604922081174	0.043796102515283986	0.06774470743736516	9.902188301086426	
0	11942	23912	10.840254469497168	11.81289000819412	0.49783203014114297	0.363050881166441	0.13478114897470195	14.432812690734863	
0	15611	32780	9.695473485654256	12.662013038529084	0.9819177764817184	0.670413527760447	0.31150424872127136	19.04654312133789	
0	6030	37389	9.62307066649535	9.848397249083426	1.8677387339772762	1.8646418036818941	0.00309693029538205	145.51608276367188	
0	9166	27057	8.82341948629104	8.129494110818708	0.3191254696548469	0.4513192853749177	0.13219381572007083	10.498605728149414	
0	19127	21185	10.570800588047533	12.568011695701333	0.6927826828379076	0.44580148929372454	0.24698119354418302	16.17298126220703	
0	17037	35834	8.782324922732798	8.517837278041585	-1.4094899328554433	-1.3068100650672294	0.10267986778821392	5.151694297790527	
0	15911	39483	10.130621982997578	13.62279183220562	1.701142168816512	1.5981216130194167	0.10302055579709535	67.79559326171875	
0	15834	29448	10.18215893689137	10.283954480512758	0.9277426749923192	0.9170228445538349	0.010719830438484346	18.992006301879883	
0	10945	22564	9.41884458001449	9.70482881427837	0.7305543165419079	0.6920101566251304	0.03854415991677751	14.839303016662598	
0	25432	61751	24.2624883396498	24.262488339901168	0.7317222605130733	0.7317222604999334	1.3139933585648578e-11	38.260528564453125	
0	39876	46568	9.526422541559132	9.820268055915886	0.9663897926227365	0.9345077590780166	0.03188203354471986	18.433298110961914	
0	28593	60775	8.952631440902216	9.046451002060218	-0.6211878956104231	-0.6486567688352602	0.027468873224837154	6.830972671508789	
0	27088	59653	8.733963496521401	8.733963496526382	-0.5019094437331204	-0.5019094437345473	1.4268586312482512e-12	6.981838226318359	
0	39284	61119	9.325915875969098	10.10781474843531	1.8226837507920235	1.8078172886482988	0.014866462143724668	105.18963623046875	
0	20341	49502	9.007953560258816	9.734797900408203	0.8082435307392148	0.7120816845747091	0.09616184616450574	15.117104530334473	
0	23917	52579	9.606020396992939	9.228929132744195	0.13330602093702026	0.20658444045304902	0.07327841951602876	10.292014122009277	
0	31933	57614	9.67536490429035	12.001473434810237	1.2643597863128033	1.0875004126996726	0.17685937361313075	26.304611206054688	
0	56600	63225	9.660680389614523	10.137783059471708	1.3240351679202138	1.2906519471626436	0.033383220757570164	28.58338165283203	
0	50572	64573	10.692865118267125	11.126070487118298	1.3974698165192263	1.3730592111770863	0.024410605342140013	35.49320983886719	
0	47682	64399	9.97928813109024	10.389080931464697	1.4684735564956863	1.4466467781829018	0.021826778312784567	37.54954528808594	
0	56876	63019	11.103379551362506	11.269858404842342	0.7766371065853892	0.7582945784439956	0.018342528141393588	18.152225494384766	
0	63566	68060	9.578880713145882	10.289141471075336	0.37763614382827293	0.2573401075136661	0.12029603631460684	11.808547973632812	
0	65714	66235	9.41932494094517	8.97875118467394	-0.4674027378407244	-0.3519939480113199	0.1154087898294045	7.635012149810791	
0	64674	67614	9.773087714034869	9.665388476620398	0.9113374828677923	0.9233345227315068	0.011997039863714587	17.954301834106445	
0	64958	67022	9.860961110664991	9.836815304877277	1.676790981952856	1.6775823999587707	0.0007914180059147569	61.01909637451172	
0	63342	67782	10.252933838659107	10.28547195277476	0.04623133713532712	0.040030970615046346	0.006200366520280776	10.495545387268066	
0	63343	66234	10.02919478288885	10.587111644494797	0.1694675989479062	0.0676364036853081	0.1018311952625981	10.957680702209473	
0	64099	66552	10.119867100535668	9.364050263546423	0.2840371744150634	0.4121963273308249	0.12815915291576152	11.79497241973877	
0	64010	66568	9.748763223224593	9.809150386176215	0.06144155717858646	0.04943346529068249	0.012008091887903971	10.057744979858398	
0	63183	68238	9.478337103787311	9.658006452802319	1.3133447343229994	1.300328642657235	0.013016091665764451	27.60726547241211	
0	64588	66774	9.634057682515028	10.283270897129077	1.0589633447612758	0.9955494176134265	0.06341392714784932	20.475414276123047	
0	67903	68601	10.190363197970035	10.452252930660814	1.7288489657925927	1.7218804534355894	0.006968512357003354	75.16374206542969	
0	67672	68690	9.888947829652974	9.214492836941668	1.3510165175401938	1.3952790778724133	0.044262560332219536	30.475191116333008	
0	66681	68550	9.842737176554868	9.426923478060331	1.292899113268954	1.3227711122511838	0.029871998982229808	27.839696884155273	
0	68377	68613	10.052056677713017	9.159267540963402	-0.5542604456686084	-0.3273998089415793	0.22686063672702916	7.870815753936768	
0	67999	68591	8.655013125606807	8.38981558663369	-1.3890754351889942	-1.2852310560109608	0.10384437917803346	5.107595443725586	
0	67035	68522	10.669109948633217	11.721615839761276	0.9092234837133855	0.8016185649504219	0.10760491876296352	19.56241226196289	
0	68115	68527	10.667256355629977	10.080885923271136	-0.4275275186880565	-0.29408829933857117	0.13343921934948533	8.78857707977295	
0	68526	68947	11.861226490869146	11.37109655290669	-0.13925019911567293	-0.050852041624465105	0.08839815749120783	11.089143753051758	
0	68481	68840	12.002817355860582	12.274123617256587	0.8717572346679479	0.8462549448693055	0.02550228979864233	21.27701187133789	
0	68525	69029	12.842267254937884	13.306502593312736	0.5670184294122329	0.5152175541383632	0.05180087527386967	17.92384147644043	
0	68532	69132	11.354077940174085	11.560984155230948	1.0475437471132998	1.0301870652822953	0.017356681831004472	23.841678619384766	
0	69023	69313	12.03094582636816	12.398060225871024	0.10973855340778682	0.05205878276596376	0.05767977064182306	12.729398727416992	
0	68966	69294	10.403426856405142	11.757814249788686	1.3050665140541997	1.214595444704047	0.0904710693501527	29.940784454345703	
0	68939	69289	12.809938741881941	13.880014327692042	1.0653453895302107	0.987269209777798	0.07807617975241277	27.41106414794922	
0	68758	69341	12.532959651189294	13.795327703979089	1.1001502835820678	1.0095139481965822	0.09063633538548554	27.85567283630371	
0	68870	69316	12.254476367830206	14.13228971415865	1.1349048964680524	1.002342142867238	0.13256275360081426	28.330934524536133	
0	68738	69248	11.723880371784396	12.743807346131314	0.4217459838316193	0.2844446985561804	0.13730128527543894	14.856772422790527	
0	69298	69383	11.048019409259833	11.04801940926928	-1.0519371497627445	-1.051937149765354	2.609468197078968e-12	7.240004539489746	
0	69318	69378	16.012715920362012	16.01271592034406	0.07411847822150297	0.07411847822366191	2.1589396936860794e-12	16.62897300720215	
0	69289	69376	24.601992251542775	24.60199225177377	0.6863218068274795	0.6863218068151449	1.2334577803585489e-11	37.45512771606445	
0	69316	69377	12.584559128108248	12.58455912807752	-0.13747814429439087	-0.13747814428917193	5.218936394157936e-12	11.775146484375	
0	69263	69380	334.74756917337305	334.7475691918982	0.9781282585775035	0.9781282585209523	5.6551208160726674e-11	655.16552734375	
0	69299	69377	13.161344215694646	13.16134421566297	-0.03598617902682344	-0.03598617902192336	4.900080341485591e-12	12.928716659545898	
0	69279	69379	52.724372354685435	52.72437235723152	0.8241074217503928	0.8241074216936082	5.678457704050288e-11	89.67549133300781	
0	69253	69376	12.068754317682112	12.068754317661227	0.05164363872458577	0.0516436387279573	3.3715252811816754e-12	12.388651847839355	
0	69349	69383	20.123019695228024	20.123019695371568	0.41488651879320826	0.4148865187819011	1.130717741659737e-11	25.390005111694336	
0	69264	69385	18.55298250069922	18.55298250066226	0.3630857240441032	0.36308572404736394	3.2607250233240848e-12	22.66823959350586	
0	69317	69382	9.495947515404595	9.495947515449823	-2.1668051784538216	-2.166805178473667	1.9845458609779598e-11	4.557903289794922	
0	69279	69378	133.16259250778873	133.16259251488745	0.9386421034662866	0.938642103409707	5.657962987015708e-11	250.92872619628906	
0	69253	69383	15.27510356915356	15.275103569120358	0.05340444428619784	0.0534044442904289	4.2310599468464716e-12	15.694172859191895	
0	69294	69380	27.167447197634473	27.16744719787949	0.641807035532227	0.6418070355199779	1.2249090630689352e-11	40.00528335571289	
0	69294	69384	15.38916915916754	15.389169159139895	0.238397562833921	0.23839756283708557	3.1645797093915462e-12	17.471784591674805	
0	69253	69380	19.49218474656165	19.492184746707615	0.41878923426256565	0.4187892342507251	1.1840528557627295e-11	24.65475845336914	
0	69248	69376	948.9656166204785	948.9656149171793	0.9937710900271519	0.993771091833233	1.8060810624831447e-09	1886.182373046875	
0	69253	69381	34.99029903854377	34.99029903889808	0.7106035373881496	0.7106035373750932	1.3056444814196766e-11	54.27391815185547	
0	69294	69385	12.041421583787862	12.041421583761638	-0.49689467433867085	-0.4968946743332334	5.437428285404167e-12	9.64511775970459	
0	198	6195	9.371354434005598	9.371354433969767	0.03376925018759147	0.03376925019510946	7.51798623355171e-12	9.532303810119629	
0	1715	8361	8.264800321117777	8.264800321165506	-0.43996205634736496	-0.43996205636145547	1.4090506539332637e-11	6.774531841278076	
0	1395	8793	9.378432147066366	9.378432147001956	-0.6412848848042874	-0.6412848847861468	1.8140600133165208e-11	7.10141658782959	
0	1677	18854	7.4292937872247595	7.429293787269594	-2.2432873784620204	-2.2432873784876275	2.560707201837431e-11	3.501668930053711	
0	153	14636	8.132164403912988	8.13216440394821	-2.6072750278360983	-2.607275027856053	1.9954704555402714e-11	3.5301406383514404	
0	1465	7276	7.678860695673588	7.678860695719151	-1.9974645737192853	-1.9974645737430046	2.3719248787301694e-11	3.8418655395507812	
0	1996	12022	7.525799578949835	7.525799578925946	-0.5053551998814219	-0.5053551998734691	7.952749569994921e-12	6.007770538330078	
0	1961	5092	10.638836516537689	10.638836516530906	0.18193115144254568	0.18193115144370453	1.1588507931037384e-12	11.703447341918945	
0	2772	14266	15.283430768816276	15.283430768821026	0.6487161449992682	0.6487161449988481	4.2010839251815923e-13	22.620607376098633	
0	1567	9359	13.4707262634087	13.470726263398728	-0.2775753163481802	-0.277575316346494	1.6862067298006878e-12	11.82900619506836	
0	1815	14795	10.513952921080282	10.513952921091175	-0.46153308707788687	-0.4615330870804373	2.5504043321689096e-12	8.54260540008545	
0	1364	7002	7.306533826732634	7.306533826723425	-2.942149069172986	-2.9421490691667564	6.229683435776678e-12	2.956824541091919	
0	2226	3113	8.397867833136768	8.397867833131004	-0.8780398890034888	-0.8780398890015135	1.9753088054130785e-12	5.835824489593506	
0	173	9254	6.408584380776757	6.408584380764872	-1.5341068838832537	-1.5341068838766994	6.554312648177074e-12	3.626706600189209	
0	2820	14786	6.6772463335875045	6.677246333608659	-1.768530423484178	-1.7685304234961174	1.1939338406818933e-11	3.543687105178833	
0	2253	4150	28.76880220378404	28.76880220331993	0.782693750738058	0.7826937507576963	1.9638290993384544e-11	47.266334533691406	
0	247	3643	17.072129195935524	17.072129196053364	0.5635337415709785	0.5635337415610633	9.915179788322348e-12	23.769620895385742	
0	1864	13780	6.907863395224258	6.907863395273199	-2.8843039920436047	-2.88430399207821	3.460520758835628e-11	2.828596830368042	
0	2859	10693	6.984953137737089	6.984953137764629	-1.3220945393632002	-1.3220945393762982	1.3097967155317747e-11	4.205150127410889	
0	1113	16668	6.895563196605564	6.895563196579958	-2.0376485351982287	-2.0376485351832354	1.4993339902957814e-11	3.415633201599121	
0	113	9240	6.204401347727836	6.204401347701722	-1.4215071863845536	-1.4215071863701532	1.440048080780798e-11	3.626706600189209	
0	1477	5234	7.50345867818916	7.503458678177517	-2.663412353868372	-2.663412353861136	7.23598958529692e-12	3.2180120944976807	
0	740	3762	6.9756151238572315	6.975615123849	-1.1618876166212608	-1.1618876166175296	3.731237541160226e-12	4.412310600280762	
0	1840	9928	6.4913063192106035	6.491306319228457	-1.5499268749014368	-1.5499268749112005	9.763745367763477e-12	3.657149314880371	
0	999	13299	8.501954375991547	8.501954375975442	-0.09555318342331143	-0.09555318341934216	3.96926935763986e-12	8.11428165435791	
0	2601	12676	9.485293359425176	9.485293359481014	-0.05325936111521479	-0.05325936112730156	1.2086776024489154e-11	9.23925495147705	
0	81	13592	7.414945791179749	7.414945791149362	-1.1930067164638838	-1.1930067164507987	1.3085088568232095e-11	4.644491195678711	
0	1389	10326	42.52498716100116	42.52498715952267	0.880412143214117	0.8804121432530423	3.892530742177769e-11	75.9654312133789	
0	1056	5120	7.143430420500691	7.1434304204993575	-1.9993834130053165	-1.9993834130045705	7.460698725481052e-13	3.572265863418579	
0	1230	4151	8.245046203904327	8.245046203878234	-1.3375817945034143	-1.337581794492852	1.056221776707389e-11	4.940730571746826	
0	7789	24621	8.713055794841116	9.23859997476338	0.7949223276633082	0.7222358245623182	0.07268650310099001	14.4605712890625	
0	8901	44491	8.134573664963447	7.611863510179217	-1.3294665418808251	-1.1155222046439128	0.2139443372369123	4.886412620544434	
0	15769	20570	9.41506835545163	9.122512799639429	0.8424063527217376	0.8783763998949023	0.035970047173164765	16.266620635986328	
0	16833	23937	10.05133284636338	11.756619418188327	1.3447391906348285	1.233569112364278	0.11117007827055048	30.678876876831055	
0	5994	30510	9.643104284659614	9.014471251720357	1.5531441384996485	1.5822746287659961	0.02913049026634762	43.15979766845703	
0	15717	37759	10.476110333477026	11.83889389689532	0.6364246402849636	0.4590441022274685	0.1773805380574951	15.365649223327637	
0	9780	23784	8.330566239177378	8.425102538328664	-0.34098584238592977	-0.36755164014214303	0.02656579775621326	7.117143630981445	
0	8884	33712	9.76271719155709	9.397071801743198	-0.5496069140465951	-0.4541158744449376	0.0954910396016575	7.6582136154174805	
0	3933	24033	9.26474127459339	9.590557635783068	1.7634511871592176	1.7551323932329508	0.008318793926266776	78.33259582519531	
0	12451	30377	9.320645721432921	10.636466949082076	1.45456804406954	1.3775679126085665	0.07700013146097362	34.17711639404297	
0	4044	44106	8.636819213403705	8.378645537830517	-0.382427912731802	-0.3112118601758369	0.07121605255596508	7.250434875488281	
0	15717	33839	10.061231088281653	10.822671565874703	1.9666140942425814	1.9640874272967823	0.002526666945799061	602.7232666015625	
0	23952	60516	7.383095416281571	7.383095416277163	-2.0472664125700932	-2.0472664125676774	2.4158453015843406e-12	3.648435592651367	
0	34780	61123	9.038624543333038	8.89530780962168	0.7230945133272877	0.7433411695226739	0.020246656195386237	14.157076835632324	
0	43197	55497	10.634941073261151	10.52217599577041	1.2464485631570525	1.2544386672472858	0.007990104090233263	28.226184844970703	
0	41717	48085	8.185799760492866	7.901178722125289	-1.33339928972569	-1.2174966785093186	0.11590261121637147	4.911382675170898	
0	21662	59970	8.695745816948367	8.720428102744721	0.32519863770758195	0.32044482742535707	0.0047538102822248796	10.384211540222168	
0	28370	51670	9.83696676243399	11.579830329857794	1.5882218773087458	1.5152651310644207	0.07295674624432502	47.77799606323242	
0	38791	45804	9.774372610793197	11.055064273489817	0.9191122152569253	0.7774883965882466	0.14162381866867868	18.08582305908203	
0	60148	64207	8.946169201808516	8.943344212028277	1.131949381182702	1.132223491147713	0.0002741099650109824	20.612091064453125	
0	60300	64336	9.241617219440826	9.702983483959303	0.30714804740763757	0.22263634743077954	0.08451169997685803	10.918399810791016	
0	51411	63942	9.005265338950345	9.877608851117492	1.606070635328028	1.5679105464700827	0.03816008885794542	45.7202033996582	
0	56755	64249	10.222342948498865	10.872461401297521	1.0514247226690872	0.9910974283522802	0.060327294316806945	21.55304527282715	
0	51605	64578	10.167778477160173	10.318757979265282	-0.4823254831861785	-0.5191850849523005	0.03685960176612202	8.192139625549316	
0	60534	63229	10.250780999985768	9.672398285512788	1.0925493555329384	1.143750699801033	0.05120134426809453	22.59248161315918	
0	57297	63195	9.246728475468426	9.478426294813257	1.6008785064015805	1.590877609331255	0.010000897070325365	46.33540725708008	
0	53806	66010	10.794132024751537	10.171260978155404	0.04037498969008224	0.15345436265947066	0.11307937296938841	11.016528129577637	
0	48198	63034	10.181808355368863	10.320998720347239	0.2984556022017151	0.27519464722296916	0.023260954978745918	11.96772575378418	
0	63493	68368	9.406945657603455	9.167367640646313	-0.5133710423259115	-0.44935999430723417	0.0640110480186773	7.485520839691162	
0	65957	67248	9.968150963856571	10.176503996977388	-0.08046593989109141	-0.1239515763398753	0.04348563644878389	9.582613945007324	
0	63272	67119	9.887020721446085	10.394519692875864	1.4674863744662918	1.44015254713401	0.027333827332281846	37.133399963378906	
0	64816	67979	9.975655161338018	10.556938743780254	0.8531533211705411	0.7863263173096184	0.06682700386092266	17.39666748046875	
0	63822	67209	9.968739581054509	10.104744825591025	1.9027392984660843	1.901412353831975	0.0013269446341093172	204.99008178710938	
0	65774	68064	9.952770247721492	9.75408647520921	-0.2758734121529267	-0.23044092410865957	0.04543248804426714	8.746330261230469	
0	65938	66216	9.516205449345708	9.548658687324279	0.8274408089349685	0.8234420152273136	0.00399879370765488	16.23151397705078	
0	67317	68654	11.16835830161868	11.14024860582795	0.8659562903286053	0.8688105705040214	0.002854280175416113	19.696521759033203	
0	66232	68505	9.994986707697203	9.343667819601873	1.4235441651218996	1.461108654639402	0.037564489517502464	34.677371978759766	
0	66371	68612	9.719915185926482	9.40975215625872	0.09524765750461661	0.15602840980691357	0.06078075230229696	10.205962181091309	
0	66271	68664	10.494057020246373	10.016653543448436	1.1353218485702112	1.1746584326012846	0.03933658403107332	24.272747039794922	
0	66238	68710	9.864199518384765	10.229473066451979	1.7242469945179297	1.7140357981086414	0.010211196409288359	71.54373168945312	
0	66664	68647	10.46095026892445	10.806836894549463	1.436936819382678	1.4183193880259914	0.018617431356686476	37.15728759765625	
0	67216	68496	9.315551405690965	10.170315161192452	1.497947724056134	1.4518810909439295	0.0460666331122046	37.109886169433594	
0	66357	68574	9.89258191697391	9.589841411079867	1.65630648440251	1.6668244613733103	0.010517976970800369	57.56629943847656	
0	66598	68516	10.30047974878618	10.049570093167572	1.7247526519797414	1.7314574093294983	0.006704757349756951	74.84526062011719	
0	66854	68537	10.084134600420475	10.237901064907872	1.2336745526840607	1.2219893502001924	0.011685202483868284	26.318151473999023	
0	66851	68603	10.105440049879224	9.820906331347269	1.2999480786984718	1.319659083399919	0.019711004701447266	28.87054443359375	
0	68700	69002	10.150314232039502	9.517942325355994	-2.35566868997447	-2.0843073851523464	0.27136130482212373	4.66073751449585	
0	68701	68752	12.031074478299391	12.304983601114651	1.960272953249307	1.9593684953351655	0.0009044579141415099	605.6868286132812	
0	69206	69252	13.352491817746039	12.713504534516028	1.603110685179844	1.6221039359139802	0.018993250734136158	67.28572082519531	
0	69330	69382	53.0448587994197	53.04485880408233	0.8532619498933636	0.8532619497925655	1.0079803658413766e-10	92.51434326171875	
0	69330	69385	18.872961376751498	18.87296137692015	0.48023543468971175	0.48023543467613083	1.358091417102969e-11	24.83669090270996	
0	69248	69377	19.041508635362998	19.041508635540172	0.5742542210227946	0.5742542210095285	1.3266054921245996e-11	26.71094512939453	
0	69339	69379	13.793493038755047	13.793493038743687	-0.2377586275402348	-0.23775862753839183	1.84297022087776e-12	12.327954292297363	
0	69290	69385	12.976897095471605	12.976897095456522	0.010374475210217948	0.010374475212530543	2.312594560294201e-12	13.044562339782715	
0	69252	69376	35.24606370438153	35.24606370350745	0.7490614453397306	0.7490614453707529	3.1022295843285974e-11	56.35139083862305	
0	69330	69380	19.789544924442552	19.789544924609434	0.40595775362604747	0.40595775361260533	1.3442136292951545e-11	24.82938575744629	
0	69263	69382	12.462603440634574	12.462603440617979	-0.1960858721806895	-0.19608587217776519	2.9243274468626623e-12	11.349832534790039	
0	69261	69385	16.856253002918177	16.856253002896704	0.37946153306451325	0.3794615330665776	2.064348691988016e-12	20.803274154663086	
0	69268	69384	16.42325516097036	16.423255160951687	0.18958501784501225	0.18958501784707082	2.0585755322599653e-12	18.143083572387695	
0	69277	69382	15.862781396267616	15.86278139624542	0.25205325625979946	0.2520532562622453	2.44582132324922e-12	18.150188446044922	
0	69309	69379	53.77200627493219	53.772006279557885	0.8346531402187831	0.8346531401185351	1.0024803209773836e-10	92.28498077392578	
0	69359	69382	30.737441888932494	30.737441888188783	0.7165863594533952	0.7165863594844484	3.1053160043370553e-11	47.89950942993164	
0	69268	69380	10.060659750817255	10.06065975081182	-1.7458600376962514	-1.7458600376942277	2.0237145292867353e-12	5.371615409851074	
0	1945	3308	7.364317911679832	7.364317911701395	-1.2123029449290543	-1.2123029449384601	9.405809464624326e-12	4.585070610046387	
0	393	9060	8.786768731734385	8.78676873170902	-1.9836482551303467	-1.983648255118847	1.1499690089067371e-11	4.4114179611206055	
0	2270	12351	7.368723291403523	7.368723291386995	-0.9722797629600679	-0.9722797629534008	6.66711130747899e-12	4.958297252655029	
0	2900	5850	7.035217335385807	7.035217335398905	-1.9762978874324877	-1.9762978874398907	7.402967128200544e-12	3.538576602935791	
0	2617	4748	6.287516248251067	6.28751624824255	-2.3698511516127176	-2.369851151606799	5.9188209888816345e-12	2.8776798248291016	
0	1194	19237	6.946449177997421	6.946449178029508	-1.2131034908637215	-1.2131034908785634	1.4841905482398943e-11	4.323825359344482	
0	1642	3989	7.03978503096452	7.0397850309812675	-0.7246657621525121	-0.724665762158994	6.481926106971514e-12	5.1674485206604	
0	449	5232	8.398211177499643	8.39821117747962	-0.9622011592628392	-0.9622011592557769	7.062350704245546e-12	5.670250415802002	
0	3059	5881	36.47859022200095	36.47859022326388	0.8564474700027542	0.8564474699631635	3.959077510273801e-11	63.79871368408203	
0	1098	13589	7.310073512700935	7.310073512734644	-3.168692430267474	-3.1686924302913093	2.383515607107256e-11	2.828596830368042	
0	652	4262	110.0703272438281	110.07032724120536	0.944907394331366	0.9449073943565065	2.514055630342682e-11	208.64581298828125	
0	2235	7981	6.579138015226709	6.579138015238804	-1.689709644966002	-1.6897096449727855	6.7834626804597065e-12	3.566209077835083	
0	661	3242	8.878986624727068	8.878986624716523	-0.6279678638720974	-0.6279678638689763	3.12105896682624e-12	6.757302284240723	
0	671	5295	7.626662843456969	7.62666284346388	-0.6900620904511681	-0.6900620904536057	2.4376056728669937e-12	5.670250415802002	
0	260	4418	12.342563641833754	12.342563641950273	0.5651344075955762	0.5651344075820304	1.3545831123451535e-11	17.20379066467285	
0	2013	3838	8.710115522461594	8.710115522451982	-0.13318508928734518	-0.13318508928499107	2.354116901415182e-12	8.166300773620605	
0	1744	7096	6.328619086131474	6.328619086149101	-2.2806862552584155	-2.2806862552703375	1.1922018927634781e-11	2.956824541091919	
0	2719	16047	7.48550332006797	7.485503320074217	-0.5868414456014244	-0.5868414456035831	2.1587176490811544e-12	5.787369251251221	
0	763	4797	14.547710689496725	14.547710689599395	0.46402580300330976	0.46402580299246954	1.0840217612440028e-11	18.942649841308594	
0	1851	18381	7.683999616962071	7.683999616964105	-2.504122532229096	-2.504122532230288	1.191935439237568e-12	3.411985158920288	
0	2268	10814	58.65141743419484	58.65141744250415	0.9101345112814876	0.9101345111270833	1.5440426714974365e-10	107.63056182861328	
0	326	7507	6.781351778449254	6.78135177844459	-2.554958817957524	-2.5549588179543905	3.133493464702042e-12	2.9775688648223877	
0	19289	36559	9.846820695542313	11.344073962766132	1.3147423271825809	1.2105458234338584	0.10419650374872247	28.739030838012695	
0	13669	23072	10.160979879105394	9.770292904714383	1.0920518798785848	1.126962243659905	0.034910363781320175	22.382291793823242	
0	19308	39334	8.92179154715043	9.524790323416664	1.6124666929237874	1.5862744075857602	0.0261922853380272	46.04399871826172	
0	12635	24227	8.622010135751145	7.973533366201267	-0.9423566512672221	-0.7210567564589754	0.22129989480824674	5.860615253448486	
0	6988	30878	9.265196060996674	9.844250463967303	1.7079653121796414	1.689713785639971	0.018251526539670326	63.45270919799805	
0	11343	25769	10.242784108307912	11.6094629121448	1.342101671061109	1.2543193169928237	0.08778235406828516	31.137893676757812	
0	4143	33385	10.705505489694982	11.184078693198202	1.02289858377438	0.9792187635771226	0.04367982019725747	21.912782669067383	
0	15918	41225	7.98054755649491	7.180374109849689	0.5730369717702377	0.716112107461228	0.14307513569099028	11.185359954833984	
0	7473	36537	9.572716143887309	12.670945540105691	0.707912530875993	0.28972574677484153	0.4181867841011515	14.817442893981934	
0	3485	31130	9.442086942905203	11.01638521126814	1.4143077415204794	1.3166540857245308	0.09765365579594865	32.24248504638672	
0	13860	43372	8.574429224727194	8.097584178352907	0.6460532857447201	0.7213495844051028	0.07529629866038268	12.6658296585083	
0	8239	37711	10.268097910455088	9.637863083598141	1.071170179380496	1.128179852085473	0.05700967270497692	22.109750747680664	
0	10949	20790	9.168701339356815	8.66449051905418	1.511368929360139	1.5382400274397676	0.02687109807962873	37.528114318847656	
0	21266	53056	8.114409716067076	8.018539049858193	-0.831748982636908	-0.7982922469036633	0.0334567357332447	5.73102331161499	
0	30709	50806	9.449185432648331	10.593298362333636	1.3259447825274822	1.2443297803530562	0.08161500217442597	28.036828994750977	
0	28888	48598	8.648458473586894	8.186277421871273	-1.5167432338134819	-1.3288054537591831	0.18793778005429873	4.918447494506836	
0	39353	55419	9.569585248906026	11.404956649183353	1.54194359268204	1.4540919661132425	0.08785162656879741	41.7834358215332	
0	21280	58408	9.122415127848464	8.726257282218615	-0.7990555343371213	-0.6775013412050632	0.12155419313205806	6.518209457397461	
0	42020	62278	10.778256792816794	11.304024377767522	1.2014781017498686	1.1625258910126886	0.038952210737180026	26.995519638061523	
0	44051	46905	8.915909683124735	8.42046806095244	-1.9063794018353164	-1.6893086803441757	0.2170707214911407	4.564794540405273	
0	19496	47735	19.960600692749818	19.960600693140915	0.6449529702330359	0.6449529702064858	2.655009545549092e-11	29.461118698120117	
0	41457	54497	9.717713191952397	10.609750714943377	0.33783276395053474	0.18525411558393934	0.1525786483665954	11.692822456359863	
0	28464	45976	90.69682015264266	90.69682014624334	0.945513972332154	0.9455139724065555	7.440159599525487e-11	172.02090454101562	
0	55960	64882	10.63089034737674	10.673178446742714	0.8211290446121138	0.816439671429612	0.004689373182501733	18.035715103149414	
0	47317	63206	7.915413101741496	8.03772103485123	-1.9924240348257016	-2.0541144514243914	0.06169041659868979	3.965216636657715	
0	47166	62983	9.48897300971022	10.013525620006616	0.5708250798740242	0.49181996160094354	0.07900511827308065	13.278952598571777	
0	45224	64174	8.964972636264743	9.542680245663007	0.6850425662524346	0.6003060091727361	0.08473655707969852	13.635380744934082	
0	49202	64987	10.600693803425184	10.623715671840277	0.637469298149679	0.6345102463072998	0.0029590518423792123	15.560300827026367	
0	54978	66164	7.700301395452307	8.020613345657713	1.862626825006135	1.8569124682130127	0.005714356793122377	112.1077880859375	
0	56537	65383	8.897838702080882	8.81408584496042	1.6953884818255456	1.6982557045088411	0.002867222683295534	58.420894622802734	
0	48086	63367	10.295872064107378	9.587527677900747	1.9207885720062592	1.9262382289166613	0.005449656910402112	259.9592590332031	
0	49556	65525	9.835495338861325	9.790794459585712	-0.26276030602798617	-0.252476393343918	0.010283912684068142	8.693360328674316	
0	54508	66158	8.487390880143714	8.516668993249763	0.5975438975700653	0.592705983425063	0.004837914145002342	12.103610038757324	
0	65784	68418	9.897742827595103	10.18717801612969	1.2221977719650443	1.1994528554284911	0.022744916536553195	25.450538635253906	
0	65982	66926	8.311500982685338	8.446044680507812	-0.7577512004059339	-0.8023927212274962	0.04464152082156225	6.027738094329834	
0	64426	68111	9.523343096409988	9.907638264408913	1.2013141024958383	1.1690847552957528	0.03222934720008541	23.847530364990234	
0	64895	67054	9.4690805875901	9.77127880250351	0.24320698880987912	0.1871403298514802	0.05606665895839891	10.779961585998535	
0	65630	67213	9.375871403876614	9.043089104058263	-0.5409365933504522	-0.45074991236865536	0.09018668098179683	7.379854679107666	
0	66382	68526	10.443696773700516	10.057290679796674	1.0523487263417488	1.0874108537638512	0.03506212742210235	22.041223526000977	
0	67579	68579	10.478106647147918	10.304828335748605	1.614063716380677	1.6204460132769856	0.006382296896308537	54.2996711730957	
0	66831	68497	11.24629650326275	11.17270885333759	1.4106181228454568	1.4144746126006131	0.0038564897551562893	38.163021087646484	
0	67257	68697	8.938213328289415	8.746552647013967	-1.0823730306137227	-1.0162781978664768	0.06609483274724592	5.799566268920898	
0	66483	68691	10.754725720791038	11.39547738175958	1.8693556725217988	1.8615720644595357	0.007783608062263081	164.64129638671875	
0	66759	68591	10.609053825158853	10.43724741609875	0.03362788843275588	0.06547194700121572	0.03184405856845984	10.790484428405762	
0	68463	68599	10.23252157678469	9.475748695982203	-0.4632439413455245	-0.2810682967966196	0.1821756445489049	8.308167457580566	
0	68207	68702	10.082198923323638	10.563145749541698	1.9893134085845487	1.9888036306815893	0.000509777902959474	1886.8876953125	
0	67742	68656	10.616502810641197	10.351431224468032	1.52459633510616	1.5364661575678125	0.011869822461652468	44.663108825683594	
0	68008	68697	8.980311154455045	9.246514469426158	-0.876835133597869	-0.9621131419004212	0.08527800830255217	6.24318790435791	
0	68519	69183	11.9326436309533	12.934595247892291	1.573845506560577	1.5380624733138752	0.035783033246701734	56.00149154663086	
0	68713	68831	11.763540268159417	11.655839817682596	1.7689191395685497	1.7710347877660912	0.0021156481975415087	101.81319427490234	
0	68501	69085	11.555934523082964	11.531257599689347	0.39441773082254405	0.39784634411033126	0.0034286132877872078	14.394696235656738	
0	68712	69177	10.192264612891107	10.097715615314728	-0.9629008377532027	-0.9354153558934146	0.027485481859788052	6.879922866821289	
0	68937	69249	12.976743401104253	12.865340454079313	0.31008091995935216	0.3245885633588652	0.014507643399513048	15.357828140258789	
0	68935	69290	11.6166608163806	11.86029835067539	-0.36829027996760955	-0.4179606984661848	0.04967041849857523	9.810166358947754	
0	69080	69357	12.346144965196888	13.025101578042882	1.0551252045976949	1.0031633175099979	0.051961887087697	26.132869720458984	
0	69255	69377	12.25439848554773	12.254398485527886	-0.14989814011134195	-0.14989814010786073	3.481215316014641e-12	11.399980545043945	
0	69250	69383	28.415840299479754	28.415840299147156	0.6536056172169737	0.6536056172327329	1.5759171745344247e-11	42.21027755737305	
0	69352	69379	14.44278346402551	14.442783464018243	-0.018830526011896165	-0.01883052601088009	1.0160761121369433e-12	14.308069229125977	
0	69348	69382	11.649636631676643	11.649636631671605	-0.187105994343844	-0.18710599434289854	9.454659277707833e-13	10.65301513671875	
0	69285	69377	40.13714136736479	40.1371413673028	0.8048280292448655	0.8048280292467114	1.8458568007417853e-12	67.16546630859375	
0	69293	69380	11.862492619014619	11.862492619008705	-0.18117077231019252	-0.1811707723091054	1.0871303857129533e-12	10.877179145812988	
0	69310	69376	14.128142938203318	14.128142938181636	0.20407447557090164	0.20407447557365788	2.7562396809344136e-12	15.733551025390625	
0	69320	69383	23.944318921617423	23.94431892158368	0.5604863726154492	0.5604863726174778	2.028599510595086e-12	33.267234802246094	
0	69363	69376	17.55269299465796	17.55269299463915	0.44547100451954225	0.44547100452120825	1.66600067075251e-12	22.582651138305664	
0	69260	69381	23.722303283820132	23.722303283788317	0.5945466662989376	0.5945466663008225	1.8849366512085908e-12	33.757511138916016	
0	69351	69385	10.687403606972989	10.687403607018082	-1.4110358482953491	-1.4110358483097412	1.439204311282083e-11	6.266368389129639	
0	69336	69378	18.111187196989732	18.111187196962312	0.37648625658631607	0.3764862565887741	2.4580337765200966e-12	22.311098098754883	
0	69333	69384	8.228587858622321	8.228587858654793	-2.29611558352342	-2.2961155835403737	1.695354967523599e-11	3.8307106494903564	
0	69290	69379	25.499779809567983	25.499779809538257	0.5997618769930557	0.599761876994688	1.6322498908039051e-12	36.422061920166016	
0	69265	69385	39.3879386660543	39.38793866599331	0.7626975549935402	0.7626975549954562	1.916022895898095e-12	63.66743850708008	
0	69339	69378	25.11870119694024	25.118701196901277	0.6170448713007348	0.61704487130288	2.1451729281807275e-12	36.32612609863281	
0	420	13410	7.7431908347569145	7.74319083478697	-1.024745398333296	-1.0247453983450363	1.1740386440806105e-11	5.119895935058594	
0	1345	14416	7.800092727156743	7.8000927271886376	-0.5616322153662598	-0.5616322153767346	1.0474732192733427e-11	6.089939594268799	
0	1868	13782	6.287832092397099	6.2878320923728115	-2.4459019573877976	-2.4459019573706247	1.717292974490192e-11	2.828596830368042	
0	708	11186	11.566494818541617	11.566494818521607	0.1905436588761038	0.1905436588792342	3.1303848402330914e-12	12.784497261047363	
0	2574	15495	5.307798514798104	5.307798514779836	-1.2542903481837855	-1.2542903481725851	1.120037396162843e-11	3.262031316757202	
0	777	7620	11.129695952070314	11.12969595206992	0.1397049686894185	0.13970496868948445	6.59472476627343e-14	11.965517044067383	
0	525	15750	7.798662158682484	7.798662158674096	-0.45209873497567266	-0.4520987349730352	2.637445817299522e-12	6.360805988311768	
0	288	11840	8.932593629751112	8.932593629790322	-0.2557579994842336	-0.25575799949413547	9.901857112026846e-12	7.919815540313721	
0	2807	3259	7.694171328813828	7.694171328791159	-0.002523505216939448	-0.0025235052110392786	5.900169242067932e-12	7.684475421905518	
0	1096	14356	7.180350450229182	7.180350450235745	-2.2907912680436313	-2.2907912680475535	3.922195901395753e-12	3.34686541557312	
0	2746	13485	6.952697270503479	6.9526972704990815	-1.2664976058260544	-1.2664976058239885	2.0659030042224913e-12	4.256973743438721	
0	2222	15655	8.57583401520532	8.575834015162727	-0.5805298705340505	-0.5805298705212336	1.2816858685482657e-11	6.646568298339844	
0	593	6296	12.571889923918988	12.571889923932845	-0.11212481860806456	-0.11212481861039292	2.3283597272438783e-12	11.904495239257812	
0	1322	8261	7.465908802816488	7.465908802846693	-1.4206035161834754	-1.4206035161973145	1.3839152046557501e-11	4.36525821685791	
0	444	4462	24.551410777956676	24.55141077755145	0.7667040186855549	0.7667040187059107	2.035571711189732e-11	39.81430435180664	
0	481	4464	10.76186833792897	10.761868338000163	0.16980271033415062	0.16980271032204342	1.2107204128142257e-11	11.760336875915527	
0	2146	7697	14.86507230702969	14.865072307207878	0.18758865349028198	0.1875886534685567	2.1725288235074913e-11	16.403640747070312	
0	2840	9164	7.015523026036984	7.015523026037535	-0.9938846178037108	-0.9938846178039458	2.349231920106831e-13	4.686568737030029	
0	734	5823	6.907285577286076	6.907285577264337	-1.840649963849251	-1.8406499638371634	1.2087664202908854e-11	3.596935749053955	
0	1562	15245	15.081965656749784	15.081965656655042	0.3721752957703388	0.3721752957805644	1.0225598146007542e-11	18.530208587646484	
0	326	13139	11.46597602675274	11.465976026810445	-0.24946773525021593	-0.2494677352615371	1.1321166226707646e-11	10.194390296936035	
0	1800	5572	13.673445658777087	13.673445658901189	0.43308891536681204	0.43308891535259075	1.422129081163348e-11	17.452739715576172	
0	2143	9247	8.301561513194706	8.301561513181744	-0.7168422190993011	-0.7168422190950587	4.242384221697648e-12	6.111184120178223	
0	1306	15949	7.530510098024942	7.530510098029057	-1.1688349841229835	-1.168834984124715	1.7315038292053941e-12	4.752857208251953	
0	3038	8959	298.0283118839214	298.02831178149256	0.9836484506123544	0.9836484509616625	3.4930813797018345e-10	586.4669799804688	
0	1225	10548	6.525139488864158	6.525139488880584	-0.8704660805732889	-0.8704660805805147	7.225775533470369e-12	4.5463972091674805	
0	1321	11076	8.452438130147947	8.452438130161827	-1.489048387439622	-1.4890483874453517	5.729638985485508e-12	4.845125198364258	
0	865	11728	6.803812445165605	6.803812445140151	-1.529068206663231	-1.5290682066500287	1.3202328119632512e-11	3.8558690547943115	
0	1356	16982	7.147154181568986	7.147154181551275	-1.1958539943217406	-1.1958539943138211	7.919442879256167e-12	4.472766399383545	
0	988	6910	8.020164388524343	8.020164388561508	-0.2039488259593787	-0.2039488259695914	1.021271955892189e-11	7.2779951095581055	
0	5343	23949	10.740340607180256	10.574286485968969	0.5999696310589377	0.6216152027485544	0.02164557168961667	15.343010902404785	
0	3220	31121	8.853248354613523	8.607153139166071	1.257061526250669	1.2777131104419412	0.02065158419127222	23.833059310913086	
0	15222	33474	9.207447592414386	8.247426541284682	-1.6026907246341766	-1.2270536219904455	0.37563710264373107	5.111428260803223	
0	13940	19920	8.429999127625809	7.555004117735511	0.2041435123212425	0.3905451289060573	0.1864016165848148	9.388277053833008	
0	5003	20153	8.829603792536673	9.820057910575471	1.5088856336143603	1.453795251526567	0.055090382087793266	35.95742416381836	
0	12697	29375	8.19667835590311	6.887147504870609	-1.7884987518965256	-1.1832345486069475	0.6052642032895781	4.3271379470825195	
0	44038	51515	60.227142502000326	60.22714249943571	0.9381761091169125	0.9381761091621277	4.521516494548905e-11	113.44092559814453	
0	22489	53827	9.70524447288518	8.903227319002912	-0.5838039296255566	-0.3702848287293721	0.21351910089618453	7.512369155883789	
0	40398	59375	204.5319568206261	204.53195686372325	0.9725167546258799	0.9725167544093778	2.165021495414976e-10	398.1222229003906	
0	39566	51964	10.053845355201293	11.992547066476414	0.545041933066907	0.2644796611658933	0.2805622719010137	13.820116996765137	
0	41361	62385	10.274526691280874	11.617949362216804	1.0106122673655131	0.881247095586358	0.12936517177915507	20.76946449279785	
0	62024	65265	8.66000812164548	8.94004137747149	-0.11969419764407752	-0.18823742060458715	0.06854322296050963	8.170997619628906	
0	46996	65678	10.249122168963456	9.837498384699034	1.9803175951858398	1.981108077123655	0.0007904819378152794	1041.4501953125	
0	51769	64001	9.362443723210433	9.386357880292001	1.476204400295313	1.4748664878207183	0.0013379124745946935	35.74846267700195	
0	45954	63948	9.825340655851056	9.999576490941399	1.6733745760638634	1.6675824253899467	0.005792150673916696	60.162742614746094	
0	55996	65443	9.876021574569592	10.867556281733847	1.9978780664679883	1.997665028178491	0.00021303828949736925	9308.51171875	
0	49232	66014	8.335104847779201	7.905231404192806	-1.2137919993649349	-1.0480443742339203	0.1657476251310146	5.187084197998047	
0	59002	66035	9.686528339085525	9.498249414127256	-0.3302836954045816	-0.2849895204783377	0.04529417492624388	8.313604354858398	
0	61666	66150	10.344574156956323	10.314397103875246	1.9399841580079367	1.9401592354177961	0.00017507740985944764	344.7281188964844	
0	61462	65265	9.072542833381757	10.328331113879932	1.834370436313566	1.811444596358736	0.022925839954829996	109.55221557617188	
0	64540	67411	9.297178385365964	9.802246224057551	1.8421532337574678	1.8335782315615263	0.008575002195941428	117.800048828125	
0	63394	68124	9.6786510210083	10.944562002113173	1.597318595873151	1.5446502219164462	0.05266837395670487	48.07101058959961	
0	66033	66914	8.12213407846789	7.684514679837397	1.1074815889736027	1.1555703506865456	0.04808876171294285	18.200485229492188	
0	64575	68173	9.120861444847174	8.874620447111427	0.3707478177187373	0.4147336501265668	0.043985832407829495	11.196377754211426	
0	63035	67375	9.774594960134161	10.291588743784871	0.8676517873835352	0.8077600998774712	0.059891687506063995	17.264291763305664	
0	63033	66626	9.751937454180226	9.731978727464998	1.35313623859642	1.3544601372674792	0.0013238986710590872	30.15144157409668	
0	64933	66232	9.429794952092166	9.056691891686643	1.7161744156551313	1.7274043729000617	0.011229957244930366	66.44781494140625	
0	65089	67095	8.701408128548314	8.178510064980582	-1.7230692827603646	-1.499337021300668	0.2237322614596966	4.674319744110107	
0	67201	68634	10.118088526234189	10.009585628053697	1.0331039703175415	1.0434726304837127	0.010368660166171217	20.92901039123535	
0	67927	68482	10.718771657504055	10.115559080472906	1.5136832763741168	1.5410513716638736	0.02736809528975681	44.081443786621094	
0	67401	68600	11.330246008229114	11.53949660844074	1.8345951330096462	1.8315403831242052	0.003054749885440966	137.00015258789062	
0	66372	68658	10.698449705362918	10.159208918346769	0.5743300719319526	0.6461890230144909	0.07185895108253826	15.008312225341797	
0	67926	68559	10.790301266320684	11.349956734282488	1.5461374587649592	1.5225971843429602	0.02354027442199902	47.548763275146484	
0	67908	68600	9.613525182580295	9.525315465235547	-0.11482603068656427	-0.09542126470766998	0.01940476597889429	9.091551780700684	
0	66494	68640	10.614279656948423	11.5260543495461	1.548291129592734	1.5094889941892622	0.03880213540347177	46.99610900878906	
0	67525	68542	9.180448016240549	8.776462613513516	1.1599086620280474	1.1968768619348173	0.036968199906769916	21.855833053588867	
0	66424	68487	10.379380648445498	11.562109979524852	1.4590804061359335	1.3974426754188913	0.06163773071704215	38.37679672241211	
0	68163	68698	10.184214007342701	10.272687498980892	1.3851750759964951	1.379833897213964	0.005341178782531042	33.12882614135742	
0	68591	68905	11.5501772894148	11.355450949836099	-0.14403725205473483	-0.10789057520713241	0.03614667684760242	10.774231910705566	
0	68705	69148	10.013114746684238	10.221644157406251	1.5543097992891899	1.545028020614919	0.009281778674270935	44.93307113647461	
0	68943	69265	13.42278505036461	13.82505573534475	0.4245835156079012	0.37736947873496485	0.04721403687293635	17.040300369262695	
0	68943	69293	12.154937801441358	12.456472371572312	-0.3054262398574954	-0.36261828160711396	0.05719204174961856	10.544633865356445	
0	69148	69327	13.48338360921666	13.04357809016251	1.3739073120994703	1.394329412928069	0.020422100828598744	43.07152557373047	
0	69298	69380	32.557052117878655	32.55705211744701	0.7411546677477541	0.741154667764444	1.6689982729189978e-11	51.72526168823242	
0	69327	69384	12.121085657266029	12.121085657253152	-0.13611492208121456	-0.13611492207894527	2.26929586233382e-12	11.34872055053711	
0	69361	69378	14.133639334705094	14.13363933469811	-0.3312572254499355	-0.33125722544878355	1.1519674103510624e-12	12.125336647033691	
0	69339	69382	13.432079134558535	13.432079134549832	0.20160855315657966	0.20160855315774495	1.1652900866465643e-12	14.937881469726562	
0	69369	69377	9.519901751313643	9.519901751312748	-0.9392454943835311	-0.9392454943832544	2.76667577736589e-13	6.477786064147949	
0	69348	69376	28.434539394702	28.434539394335616	0.6842048682165367	0.6842048682334909	1.6954215809050766e-11	43.220314025878906	
0	69365	69381	21.21230065281483	21.21230065318492	0.3807015535417284	0.38070155351347656	2.825184530763636e-11	26.199371337890625	
0	69261	69379	13.910192248031436	13.910192248026327	-0.02749097438453907	-0.02749097438379433	7.44737604918555e-13	13.721582412719727	
0	69302	69381	19.889809007038153	19.88980900737193	0.3111589256344649	0.311158925606124	2.8340885194211296e-11	23.55438804626465	
0	69264	69380	9.501173001341934	9.50117300138866	-1.385113441407336	-1.3851134414239836	1.6647572209649297e-11	5.613503456115723	
0	69336	69381	20.054120416030223	20.054120416368512	0.3206371650534001	0.3206371650250712	2.8328894785545344e-11	23.883010864257812	
0	69265	69381	12.565431947436611	12.565431947435409	-0.8219062340299659	-0.8219062340296959	2.7000623958883807e-13	8.905633926391602	
0	69357	69376	20.892416553071136	20.892416553454268	0.5149014924510489	0.5149014924238147	2.723421488326494e-11	28.13606834411621	
0	69260	69382	12.035299597355309	12.035299597348905	0.017954529601646563	0.017954529602701275	1.0547118733938987e-12	12.144322395324707	
0	69280	69381	14.711436147417555	14.711436147417098	-0.2294036743274379	-0.22940367432736863	6.927791673660977e-14	13.19764232635498	
0	69249	69381	19.759764069907934	19.75976407023814	0.30346774785755337	0.3034677478292025	2.8350877201432922e-11	23.29429817199707	
0	69287	69383	124.87845240056701	124.87845241074038	0.9478685773892119	0.9478685773034987	8.571321430395074e-11	237.38185119628906	
0	2347	9285	80.04343287619233	80.0434328684124	0.9230205046414797	0.9230205047461582	1.0467848809980751e-10	148.64430236816406	
0	1271	13627	9.514092924104936	9.514092924074697	0.3360164449392993	0.33601644494458793	5.288658400104396e-12	11.435320854187012	
0	1492	19066	5.764603791105143	5.764603791094739	-0.8550660359918227	-0.85506603598667	5.1527671018902765e-12	4.038157939910889	
0	2024	13812	8.259633669387402	8.259633669380772	-0.17246005648254892	-0.17246005648080542	1.7434942378713458e-12	7.603945255279541	
0	1447	13923	10.946939642937783	10.946939642796485	-2.5704988552680295	-2.570498855209035	5.899458699332172e-11	4.790260314941406	
0	2599	7811	9.426551170674408	9.426551170683188	0.30868943151703987	0.30868943151546446	1.5754064719430971e-12	11.147037506103516	
0	1567	7567	30.740021243638783	30.74002124321306	0.784188434004313	0.7841884340211509	1.683786443607005e-11	50.567081451416016	
0	1316	15170	46.94400043273635	46.94400043488551	0.9008504682839003	0.9008504682335798	5.032041450192537e-11	85.41876983642578	
0	1959	7907	12.615735397436456	12.615735397520952	0.38701534263203197	0.3870153426212286	1.0803358208022473e-11	15.642722129821777	
0	2757	9394	8.37971646243145	8.37971646245367	-0.7424198969109344	-0.7424198969182063	7.271960811294775e-12	6.111184120178223	
0	1521	4984	11.422070349090621	11.422070349154746	0.04808446342480632	0.04808446341384798	1.0958345342260145e-11	11.703447341918945	
0	1291	18245	8.322852446274293	8.322852446257519	-1.3963418907411267	-1.3963418907342815	6.845191080628865e-12	4.901068687438965	
0	1218	15921	7.1846986068939245	7.184698606896124	-1.0233176769627272	-1.0233176769636527	9.254819133275305e-13	4.752857208251953	
0	1687	14251	48.32337029514872	48.32337029534963	0.890265683919305	0.8902656839146912	4.6138648457372256e-12	87.08998107910156	
0	2361	4428	16.23395054667607	16.233950546807282	0.612092201392544	0.6120922013813261	1.1217915485417507e-11	23.393413543701172	
0	267	5189	8.449258831659805	8.449258831650782	-0.9802065912691225	-0.9802065912659401	3.1823432777855487e-12	5.670250415802002	
0	1058	11777	7.212377586008774	7.21237758603263	-2.134583880034082	-2.1345838800477575	1.3675283128122828e-11	3.488804578781128	
0	2467	12641	9.247133583771785	9.247133583833936	-0.0017054691825499901	-0.0017054691960036727	1.3453682612407647e-11	9.23925495147705	
0	2629	19090	6.0619249340918	6.061924934082738	-0.936761501343716	-0.9367615013393262	4.389821839367869e-12	4.128305912017822	
0	1149	5662	8.010916489550109	8.01091648958746	-0.5675257997054075	-0.5675257997173788	1.1971312829928138e-11	6.2401838302612305	
0	2658	8081	11.223275183693254	11.223275183758814	-1.1791784322991599	-1.1791784323177308	1.857092257750992e-11	7.060487747192383	
0	628	9882	14.112137284839012	14.112137284802268	0.3652905234765731	0.36529052348082947	4.256373031807925e-12	17.265621185302734	
0	1300	3146	7.4996477609085215	7.499647760908664	-0.7743710750040664	-0.7743710750041188	5.240252676230739e-14	5.406376838684082	
0	332	8022	7.221907516977616	7.221907516966569	-0.1746807271917321	-0.17468072718840544	3.326672270986819e-12	6.641809463500977	
0	1598	10127	7.813998615976168	7.813998615985168	-1.0039239893954637	-1.003923989398924	3.460343123151688e-12	5.2025275230407715	
0	1280	19008	7.140517781350507	7.140517781338134	-1.5365222894219333	-1.5365222894158053	6.127987006721014e-12	4.038157939910889	
0	2802	17593	10.284735607418384	10.284735607401311	-0.23397297258118277	-0.23397297257747418	3.708588991457873e-12	9.207573890686035	
0	1583	14215	6.5313620136857065	6.531362013696468	-0.7856308560238219	-0.7856308560284115	4.589661983800397e-12	4.689323425292969	
0	194	5169	7.510647311469474	7.5106473114720105	-0.7197890869509407	-0.7197890869518591	9.183764859699295e-13	5.522963047027588	
0	95	11807	7.654314827479697	7.6543148274861315	-1.163103516960014	-1.1631035169626731	2.659206188582175e-12	4.839749813079834	
0	2710	11179	7.6173829885691955	7.617382988609319	-1.6265723351428267	-1.6265723351619292	1.9102497361700443e-11	4.20087194442749	
0	5750	22485	8.823115209043465	9.2583461961655	0.750480725846493	0.6888438216201458	0.061636904226347156	14.122415542602539	
0	5556	33514	8.912989931162222	8.500164653510318	0.24649718106634833	0.32771462814982	0.08121744708347167	10.165925979614258	
0	17362	33948	10.097418900578097	10.36323778010543	1.9638836961166264	1.9629329189402533	0.000950777176373041	559.1612548828125	
0	7281	30909	10.017977394583575	10.264940270159856	1.9537331631603332	1.952592594498647	0.0011405686616861033	433.05218505859375	
0	15833	31798	10.214785991896179	11.563241277792917	1.6686034389246343	1.6248557338954148	0.04374770502921943	61.64690399169922	
0	19031	38531	8.831214124717945	8.906538814350618	0.9727483336317131	0.9639865244567705	0.008761809174942625	17.193866729736328	
0	19347	41143	11.501815815384457	10.613895231947456	1.075753121290093	1.147103405537059	0.07135028424696599	24.889055252075195	
0	14251	40172	9.2721764378202	9.176461555751255	1.476222016404995	1.4816288751146307	0.005406858709635642	35.40498733520508	
0	20552	53992	8.4830024413501	8.937166222976868	1.8854373892835659	1.8793039254686326	0.006133463814933293	148.09373474121094	
0	37720	45270	9.792111832692425	9.667215152325252	0.5715415731089282	0.5897613114666502	0.01821973835772206	13.710041046142578	
0	20147	46503	9.010443624574734	9.095548620294599	1.5345146939570409	1.5301181152058678	0.0043965787511730525	38.71419143676758	
0	33031	47456	7.966609185959354	7.551889898596422	-0.942581718818893	-0.789399183445306	0.15318253537358695	5.414707183837891	
0	38262	44680	11.800412771661598	11.800412771649604	0.3832272877619707	0.3832272877636138	1.6431300764452317e-12	14.597491264343262	
0	29010	51868	9.095150513934605	8.669469698971735	-0.23565315625392502	-0.131017762252426	0.10463539400149902	8.136459350585938	
0	48042	65834	9.326401359227454	9.27500290221029	1.8201187359360254	1.8211100742950632	0.0009913383590378633	103.69508361816406	
0	61588	64408	8.560082016365957	8.230069259649872	-0.44523301707200114	-0.3509631155413495	0.09426990153065162	7.0014448165893555	
0	46227	64872	9.366126433703041	10.752200188626945	1.8661045768674884	1.8462896690481168	0.019814907819371674	139.90211486816406	
0	60913	63046	9.767806319138778	9.940023580861173	1.4102563189017012	1.3998584835476329	0.010397835354068352	33.1255989074707	
0	60408	64576	9.373538773635246	9.704186622377675	1.570570296211157	1.5554223343610123	0.015147961850144664	43.65575408935547	
0	50175	63777	9.96551726129749	9.57441145417182	1.2613339383475037	1.2903235611301476	0.02898962278264383	26.98246955871582	
0	58826	65752	7.858523668510923	7.2991663638883875	-0.8431466757821071	-0.6407759852687644	0.20237069051334267	5.528046607971191	
0	51194	65457	8.329500286470818	8.915759135920718	1.6788783429402718	1.6562766973761238	0.02260164556414801	51.87753677368164	
0	60297	65585	10.522732324461609	9.604739718498326	-0.21275400508947895	-0.01971556670159469	0.19303843838788426	9.510982513427734	
0	59866	64960	8.84989694339911	8.641118482681541	0.36956801052888255	0.4080316314324408	0.03846362090355826	10.855892181396484	
0	48328	66108	8.974967235191365	9.14336843120445	0.13627851735628171	0.10130870426528249	0.034969813090999224	9.631232261657715	
0	65908	66339	9.249828391335338	9.269449098114661	1.067884169219366	1.0659069680620725	0.0019772011572933845	19.84695053100586	
0	65992	67044	8.553612851272879	8.075138577421415	-1.4992247491579516	-1.3034841831528783	0.19574056600507328	4.888861656188965	
0	63617	66965	10.205169513398527	10.570549721004163	1.524378756085159	1.5073498778666155	0.017028878218543486	42.91300964355469	
0	63520	68368	9.750579623779728	9.381892891538225	-0.44007185682133354	-0.3478084064381468	0.09226345038318673	7.9920430183410645	
0	65356	66233	9.841004189278962	10.205581288270425	1.5286512660417406	1.5111893332212047	0.017461932820535875	41.75678634643555	
0	64267	66251	10.308410711867458	10.546825769578765	0.055276390452487556	0.010298420078350468	0.04497797037413709	10.601414680480957	
0	63057	66995	9.497900362600895	9.736362348292527	1.1090772118430028	1.0867089821236857	0.022368229719317068	21.321489334106445	
0	64838	67220	8.786057978409522	8.888918097905501	1.8476782913836596	1.8458950309967364	0.0017832603869232244	115.36186218261719	
0	64588	67340	8.808424333984311	8.716556696078651	1.0885421924311085	1.0980482598793997	0.009506067448291189	19.328210830688477	
0	65992	66443	10.021140013204446	10.384831028302887	0.7880236677872414	0.744038162948776	0.04398550483846542	16.53685760498047	
0	64518	66848	9.767909458065267	10.356627226396794	1.728064723197455	1.7116750207767777	0.016389702420677388	71.83995819091797	
0	67626	68497	10.870772334472031	10.129708692008307	0.3600366452301458	0.47183341364731834	0.11179676841717257	13.257335662841797	
0	68267	68501	10.642643350722038	11.162024728392902	1.0678886321120524	1.0223998122350364	0.04548881987701603	22.835561752319336	
0	67631	68607	10.07462476367932	10.16509383276559	1.0347162168622779	1.0260480701756267	0.008668146686651168	20.873912811279297	
0	67674	68528	10.78363550609556	10.562734567924393	1.6210666996454097	1.628829083815879	0.007762384170469261	56.91574478149414	
0	66839	68720	10.73379688866963	10.389015383928509	1.6034447435848993	1.6161825398594052	0.012737796274505886	54.135189056396484	
0	66461	68692	10.511626409263732	10.729822763956355	0.9945602186961833	0.9736896810075435	0.02087053768863978	20.909509658813477	
0	67530	68552	10.92667407442946	11.493924178296554	1.8464171599534014	1.8384440217985338	0.007973138154867554	142.29029846191406	
0	67632	68705	10.812312338095857	10.300014089443158	1.0124555924404173	1.0592464411173468	0.04679084867692951	21.897369384765625	
0	67601	68584	9.107807218147821	9.317794754646066	-0.8454481288538815	-0.9110521352299714	0.06560400637608987	6.401668071746826	
0	66339	68586	9.002011776297419	9.341977255098536	-0.7130641590241442	-0.815524384445018	0.10246022542087374	6.636047840118408	
0	68497	68840	11.859117575130583	12.482996474494227	1.094538384556855	1.0469042842555536	0.04763410030130144	26.19463348388672	
0	68694	69032	10.7343545738523	10.483910442821369	-0.8483908112935041	-0.7819347652720166	0.06645604602148758	7.537136077880859	
0	68528	68986	11.707381018045428	12.434271437196792	1.5132587081416276	1.4830378089403577	0.030220899201269802	48.10514831542969	
0	68552	69007	12.537033821239675	10.625344003769017	-1.507158202798053	-0.9723747189097747	0.5347834838882783	7.149397373199463	
0	68884	69327	13.981728438653764	13.172957537492497	0.1429212706384828	0.25034370013731744	0.10742242949883463	15.05776596069336	
0	68985	69361	13.481310442388178	13.697289032789662	0.14819146661387972	0.11852439541606508	0.029667071197814643	14.560155868530273	
0	68849	69337	12.324060228528822	13.182659838710517	0.3058058893801858	0.18777381423801964	0.11803207514216618	14.54858112335205	
0	68984	69310	11.452613519141275	11.59665350635239	1.45960601141259	1.4528094541835348	0.006796557229055145	42.38616180419922	
0	68970	69266	12.942504549348666	13.804919466727261	1.6468154876758656	1.6232812798373413	0.023534207838524335	73.29032897949219	
0	69336	69381	18.7253319089662	18.72533190911135	0.431911954870845	0.43191195485869005	1.2154943718201139e-11	23.883010864257812	
0	69320	69378	12.271684066349556	12.271684066327367	-0.4070783965840472	-0.40707839657969513	4.352074256530614e-12	10.196331024169922	
0	69289	69377	14.197221019632984	14.197221019607253	0.1655769150320392	0.16557691503536387	3.3246738695424938e-12	15.478676795959473	
0	69320	69380	18.116138441888577	18.116138442028486	0.46126041175772614	0.46126041174584254	1.188360521098275e-11	23.546724319458008	
0	69360	69383	11.645664236903993	11.64566423688249	-0.5017112114183786	-0.5017112114137596	4.618971871650501e-12	9.310158729553223	
0	69327	69381	356.5741706547686	356.57417071526373	0.9806060214976486	0.9806060213247016	1.7294699006242809e-10	699.5806884765625	
0	69350	69379	20.171974016442746	20.171974016590227	0.3947299051200934	0.39472990510835704	1.1736389637917455e-11	25.132186889648438	
0	69375	69385	13.184388787817227	13.184388787797818	-0.5758650110454675	-0.5758650110416754	3.792077762909685e-12	10.236863136291504	
0	69299	69377	12.922240951424097	12.922240951400463	0.0010017557492096874	0.0010017557528656518	3.6559644200906405e-12	12.928716659545898	
0	69250	69382	28.809902332136595	28.80990233112312	0.697535158105856	0.697535158151674	4.581801604786051e-11	44.23904800415039	
0	842	6101	8.31526501255152	8.315265012585535	-0.9977051239152521	-0.9977051239275143	1.2262191262379929e-11	5.547753810882568	
0	2232	8492	6.4806964192616086	6.480696419283152	-0.8242919468119232	-0.8242919468213121	9.388934074650024e-12	4.589253902435303	
0	1721	12716	7.005900528398456	7.00590052837801	-1.495698507361252	-1.49569850735105	1.0202061417885488e-11	4.008297920227051	
0	377	18780	8.234385366023004	8.234385366066531	-0.4234438026703127	-0.4234438026831233	1.2810641436544756e-11	6.79560661315918	
0	2078	3855	6.950167551313552	6.950167551329584	-2.3726625242429185	-2.3726625242530055	1.0087042312534322e-11	3.17891788482666	
0	1531	4733	14.133966245740972	14.13396624585674	0.44796057270752	0.4479605726948075	1.2712497721167892e-11	18.213411331176758	
0	566	8075	10.91730330823206	10.917303308223634	0.13262407783522412	0.1326240778366654	1.4412915305683782e-12	11.692667961120605	
0	2653	3998	14.004460282697574	14.004460282819956	0.5071696315851382	0.5071696315720926	1.304556462855544e-11	18.762292861938477	
0	814	12487	8.799574590164776	8.799574590115508	0.07666339431562985	0.07666339432639835	1.0768497205049243e-11	9.150321960449219	
0	937	12260	7.803351481445562	7.803351481432215	-1.5278655860438777	-1.5278655860378434	6.034284183442651e-12	4.423837184906006	
0	30	18703	7.509493917236835	7.509493917251419	-1.3355078301680643	-1.3355078301745418	6.477485214873013e-12	4.502758979797363	
0	875	7381	6.7975762248917215	6.797576224892313	-2.7009049181616174	-2.700904918162027	4.0945025148175773e-13	2.89202880859375	
0	254	9023	9.15998359074398	9.159983590768713	-0.3261862983481758	-0.32618629835445656	6.2807536949094356e-12	7.875537395477295	
0	1073	19208	9.737654100421986	9.737654100441114	-0.3019765908193204	-0.3019765908238421	4.5217163346933376e-12	8.460254669189453	
0	2484	8810	9.675678894425225	9.675678894387802	0.24457233177630888	0.24457233178309834	6.789457884792682e-12	11.023728370666504	
0	3010	6129	37.87745970565999	37.87745970693366	0.859915561958349	0.8599155619200125	3.8336445129516505e-11	66.44676208496094	
0	2921	18900	13.420098871754545	13.420098871869778	-0.09185768620528245	-0.09185768622324453	1.7962076270805483e-11	12.830795288085938	
0	105	12052	7.056640199615256	7.056640199590306	-1.19028024977605	-1.1902802497647706	1.127942184098174e-11	4.423837184906006	
0	1447	18275	7.2734783239104015	7.273478323959449	-2.263487667813931	-2.263487667842681	2.8750335445693054e-11	3.411985158920288	
0	2848	14272	6.990646075070671	6.990646075094713	-1.4471158144136558	-1.4471158144255107	1.1854961456947422e-11	4.055939197540283	
0	1469	17006	8.033178664651519	8.033178664672661	-0.6022093023472936	-0.6022093023541419	6.848299705097816e-12	6.174121856689453	
0	2579	17033	7.91355915899834	7.913559158990755	-1.410834706632191	-1.410834706628922	3.268940673706311e-12	4.640247821807861	
0	2223	8231	10.614450759586969	10.614450759546227	-0.2535607682606895	-0.25356076825203955	8.64996962945952e-12	9.420159339904785	
0	2605	13702	8.593836317159385	8.59383631712233	-0.4050900832404225	-0.40509008323005213	1.0370371228418662e-11	7.146373748779297	
0	1510	5747	10.3681969896375	10.368196989652688	-0.12102721606973166	-0.12102721607283895	3.107292201320888e-12	9.776580810546875	
0	728	8124	8.198675869829327	8.198675869792753	-0.46880790991788146	-0.4688079099068685	1.1012968315071703e-11	6.641809463500977	
0	2271	9535	25.166089525636266	25.166089525336105	0.7637757070271423	0.7637757070418871	1.4744871990046704e-11	40.714439392089844	
0	9397	41567	10.05467948253627	10.170796630324826	1.6750730564909802	1.671320615651324	0.0037524408396560904	61.88886260986328	
0	16317	31187	9.984649302367112	10.565661500388662	0.3337301060751101	0.2367689505804531	0.096961155494657	11.984432220458984	
0	11509	39242	8.714406207561067	7.32040780446495	-1.1443284557110327	-0.6413465265156986	0.5029819291953341	5.542936325073242	
0	6313	19787	9.510209922518824	9.616264292314753	1.9407208259425013	1.9400597663551828	0.0006610595873184355	320.86175537109375	
0	19406	30809	9.794596084312927	12.289204119703799	1.4876630421764734	1.3571747728479133	0.13048826932856006	38.23497772216797	
0	9136	23124	9.369278918918	9.703766954524161	1.852692348116426	1.8474333898193467	0.00525895829707923	127.20695495605469	
0	6082	31762	9.556577567920591	9.541153344664778	-0.21554543012371274	-0.21196956134592604	0.003575868777786706	8.626839637756348	
0	3507	23141	10.14544012193906	10.486713855178241	0.8380736858641094	0.7989886460621882	0.03908503980192113	17.463138580322266	
0	9885	22926	9.852218747702038	11.18434444735264	1.1742595367762623	1.0626105650602922	0.1116489717159701	23.862749099731445	
0	12454	34484	8.818537318379246	9.216674035755473	1.306002818259175	1.2746704385423278	0.031332379716847214	25.413755416870117	
0	10337	22480	9.709492261771548	10.862209668867198	1.3215712729562517	1.2410277613025964	0.08054351165365525	28.623470306396484	
0	16253	43254	10.43570040317061	9.704888561443276	1.1565739321500073	1.2156390388695355	0.05906510671952825	24.745975494384766	
0	6626	25127	8.175408371175337	7.623427101836663	-0.9767877562838425	-0.7758031681550475	0.20098458812879505	5.492772102355957	
0	4781	31733	8.427001206305464	8.204126832145857	0.2745532065355518	0.3201872185434469	0.045634012007895075	9.767906188964844	
0	10794	24198	9.64950406400325	11.741314326822266	1.9038448315522751	1.883000406092901	0.02084442545937404	200.70692443847656	
0	26019	47205	9.460818943487942	9.51698015955851	1.3988582701667254	1.3952897788151981	0.0035684913515272587	31.476167678833008	
0	32489	59723	82.31467956758216	82.31467957537266	0.9415631391373276	0.9415631390371542	1.0017342511048355e-10	155.5400848388672	
0	34619	55261	10.531545078338088	11.068573118114864	1.0094360916321363	0.9589249282627097	0.050511163369426626	21.263736724853516	
0	41846	45710	8.80177694648551	9.079301976992177	1.4828565427955138	1.466550715618843	0.01630582717667073	34.039981842041016	
0	26555	55380	8.987983041792038	9.4818289997857	0.4995417141419982	0.41709882832839407	0.08244288581360415	11.980317115783691	
0	21454	51910	9.1206889818508	10.40563420837564	1.3043819858877297	1.2063815992396507	0.09800038664807897	26.223268508911133	
0	42272	48476	8.62915876310776	8.487014136244655	0.39634874581775437	0.42276504147322913	0.026416295655474764	10.761889457702637	
0	48474	63158	9.207576327917433	9.388971624819057	1.8677723140729139	1.8651673418746781	0.0026049721982357443	139.2685089111328	
0	54009	64575	9.528694786824701	9.818604236777496	1.7874592584369644	1.7809927306640003	0.006466527772964081	89.66464233398438	
0	48340	64708	8.575120670917233	8.047602451460078	-1.3579578034911841	-1.1513853260311726	0.2065724774600115	5.107342720031738	
0	60158	66036	10.009309466463652	9.443286672406076	0.7694905952360385	0.8390754525863127	0.0695848573502742	16.26856231689453	
0	58290	64463	9.593978684448892	10.706359791844498	1.7883759110860329	1.763838996202192	0.0245369148838408	90.67000579833984	
0	56139	63112	10.146081461209896	10.7552713344661	0.7660440426776101	0.691954998930141	0.07408904374746905	16.44480323791504	
0	54770	64402	10.633445364550829	10.018932059314212	1.7530773143288099	1.7673471272170724	0.014269812888262567	86.12773132324219	
0	48236	63344	9.705745948859327	10.698385533079401	0.5733422333588696	0.427433100792977	0.14590913256589255	13.606270790100098	
0	63273	67316	9.23437158019918	9.099254120382952	-0.5364814084510527	-0.49936757544092325	0.03711383301012949	7.281245231628418	
0	63853	67168	9.461351161185497	9.065359926873107	0.9687393837899576	1.0119013124990492	0.043161928709091635	18.349098205566406	
0	65928	68084	9.179804168078512	8.839784187502644	1.1589688014079778	1.1901206001362523	0.03115179872827456	21.829877853393555	
0	64192	67199	9.278323369893425	8.678434974240766	1.9197191893696541	1.9249097313211239	0.005190541951469729	231.146728515625	
0	63882	67394	9.640592876646092	10.210519413154271	0.5484955914566028	0.4626864621973983	0.08580912925920448	13.283587455749512	
0	64408	66439	9.6229979522969	10.02406362651468	-0.09343914192024139	-0.18068914291267912	0.08725000099243774	9.193482398986816	
0	68017	68548	11.24608764617401	10.935969647271817	1.3410584970851178	1.3592292269164017	0.01817072983128387	34.13379669189453	
0	68339	68505	10.603939012684812	10.140440014877615	1.9917957732700153	1.9921543806575701	0.00035860738755477684	2584.994140625	
0	66607	68563	10.384027662833631	9.832623734392307	1.4112377331440964	1.4425016932762842	0.031263960132187796	35.27409362792969	
0	67650	68668	10.88514496468436	11.461488096034337	1.41929719568658	1.3885503316156325	0.03074686407094762	37.48955535888672	
0	67900	68599	10.37830750568327	10.61469045093153	1.2434230358563814	1.226190756798036	0.017232279058345457	27.43490219116211	
0	67897	68576	10.22617400349848	9.896686056618424	1.3536324682349012	1.374458469327622	0.020826001092720814	31.641979217529297	
0	68148	68565	10.484230303750518	10.659899171619747	0.7362691023646171	0.7150946174813961	0.021174484883220934	16.592504501342773	
0	66659	68655	10.031256600706016	9.252758747296756	1.7139422711300487	1.7361424138181254	0.022200142688076685	70.13449096679688	
0	66405	68664	10.23844149895723	10.739693223409896	1.1468526140592572	1.1050843821991019	0.041768231860155325	24.001577377319336	
0	67645	68685	10.527307632145884	10.430755297937973	1.8059137590222194	1.8076938418562027	0.001780082833983343	108.48072052001953	
0	68451	68625	10.564217726771208	9.90765005663069	-0.5516644365967518	-0.393078120274323	0.1585863163224288	8.280256271362305	
0	67745	68720	10.945115950858995	11.038563219372351	0.6211957648658315	0.609423802817515	0.011771962048316542	15.876243591308594	
0	68559	69224	11.963819445610065	12.094941635064407	0.6503058428376043	0.6355133383380647	0.014792504499539616	17.728193283081055	
0	68671	69039	12.116458010721946	11.86745377931621	0.8451365421970323	0.8688700365428494	0.023733494345817174	20.983360290527344	
0	68655	69104	12.571251852925833	12.838429296866284	1.8470171065420016	1.8437657534612653	0.003251353080736319	164.3484649658203	
0	68569	68741	12.044124584117352	11.809103720086755	0.3237837246065365	0.35649227013790874	0.03270854553137226	14.370609283447266	
0	68519	69175	11.250789205257664	11.117637608501788	-0.5356940175435403	-0.5056844154471412	0.030009602096399135	8.873932838439941	
0	68598	68759	12.525887509014316	11.331202678334792	-0.4401227498967182	-0.20739052775280298	0.2327322221439152	10.26660442352295	
0	68520	69162	11.597997913099121	11.809341780435876	1.0634634499066247	1.04639746508045	0.017065984826174718	24.76784896850586	
0	68939	69254	13.32600669293924	13.371304298678803	1.5641377963825431	1.5626562186893018	0.0014815776932413094	61.147796630859375	
0	68891	69254	13.316875738097849	13.051784932830053	0.7694005187439514	0.7938973011622947	0.0244967824183433	21.642908096313477	
0	69236	69365	11.701997141867793	11.82370718331471	1.4743595314215163	1.4688924540977686	0.005467077323747738	44.52471923828125	
0	68847	69289	11.646019775545149	13.454354758119171	1.7645866352929245	1.728032840007502	0.036553795285422463	98.94102478027344	
0	68831	69333	13.352501394334666	13.3025650828625	0.5288297558297459	0.5343317073646574	0.005501951534911509	18.152217864990234	
0	69351	69381	20.01051785013825	20.010517850513697	0.5029249517664649	0.502924951738376	2.8088864567621386e-11	26.732818603515625	
0	69348	69376	28.041807569280166	28.041807568922994	0.7023783514164357	0.7023783514329638	1.652811221219963e-11	43.220314025878906	
0	69265	69385	39.14078627429956	39.1407862756495	0.7704614103503804	0.7704614103079743	4.240607864858248e-11	63.66743850708008	
0	69311	69383	14.468712089400393	14.468712089396911	0.09861109997873774	0.09861109997919515	4.574118861455645e-13	15.219098091125488	
0	69256	69379	60.99948590391574	60.99948590615499	0.8554838860752336	0.8554838860332192	4.2014391965494724e-11	106.59436798095703	
0	69250	69377	9.869321944147645	9.869321944153796	-1.0055592590627058	-1.005559259064579	1.873168287147564e-12	6.567378044128418	
0	69365	69379	19.74912160257457	19.74912160256612	0.36063607525667485	0.3606360752573763	7.014389069581739e-13	24.093639373779297	
0	69254	69382	59.78045936166136	59.78045936391011	0.8775999454736718	0.8775999454314507	4.222111549267993e-11	106.52255249023438	
0	69289	69384	15.554029272078445	15.554029272066241	0.34979331435675887	0.3497933143580536	1.2947420913178576e-12	18.85100746154785	
0	69326	69377	27.237402560487915	27.23740256015111	0.6811104792545735	0.6811104792708822	1.63087321425337e-11	41.30353927612305	
0	69309	69385	18.107420072364008	18.107420072341377	0.32344183674855365	0.32344183675064886	2.0952128920725954e-12	21.600706100463867	
0	69360	69383	11.514242408609396	11.514242408610775	-0.4734792914023589	-0.4734792914026551	2.9620750296999176e-13	9.310158729553223	
0	69252	69381	18.567013517028794	18.567013517017596	0.44274414947922347	0.4427441494801627	9.392486788328824e-13	23.845809936523438	
0	69265	69376	10.74146739330651	10.741467393294316	-0.4923257295567329	-0.4923257295539041	2.828848266744899e-12	8.619633674621582	
0	69280	69380	32.600163803822966	32.60016380340709	0.751999598669953	0.7519995986858736	1.5920598173124745e-11	52.24383544921875	
0	69301	69381	18.667244687683255	18.667244687671893	0.44738972660703324	0.44738972660797827	9.450218385609332e-13	24.04627227783203	
0	3063	15867	6.195812067017408	6.19581206703855	-1.451127020922852	-1.4511270209346283	1.177635766680396e-11	3.590602159500122	
0	2956	7142	8.44713291132497	8.447132911341532	-0.7486483315446195	-0.748648331550009	5.38946665074036e-12	6.146390438079834	
0	1446	12643	14.185346894053836	14.185346894106422	0.4536722437034282	0.4536722436976959	5.732303520744608e-12	18.34714126586914	
0	946	17129	7.550430243511277	7.550430243485753	-1.1581077014457266	-1.1581077014350507	1.0675904604795505e-11	4.781616687774658	
0	817	16584	7.725978020982816	7.7259780209959015	0.24597666469747326	0.24597666469450252	2.970734769291994e-12	8.809435844421387	
0	1437	4974	31.974238888790854	31.97423888813615	0.8563215214948705	0.8563215215182884	2.3417934258418427e-11	55.91473388671875	
0	1113	6428	8.703377093579103	8.703377093532186	-0.4934413258123702	-0.49344132579892896	1.3441248114531845e-11	6.981016159057617	
0	1109	11290	7.441943548170969	7.441943548159544	-1.0295072489127644	-1.0295072489081134	4.650946294759706e-12	4.912972927093506	
0	2095	19207	8.209281968369568	8.209281968366856	-0.024059308046885608	-0.02405930804621681	6.687983500341943e-13	8.111701011657715	
0	296	15172	10.052452999466752	10.052452999440515	-1.512740415016264	-1.5127404150070958	9.168221737354543e-12	5.723424911499023	
0	222	3135	6.497241082715037	6.49724108270905	-1.7601776398789566	-1.7601776398754914	3.4652281044600386e-12	3.4558160305023193	
0	2391	12379	7.118482564306979	7.118482564276306	-0.6971979004066626	-0.6971979003950404	1.1622258710985989e-11	5.278428077697754	
0	1115	14621	9.525219898745283	9.525219898677962	-0.23005030728681541	-0.23005030727105424	1.5761170146788572e-11	8.54260540008545	
0	2461	13934	7.050854085404153	7.050854085419198	-1.340444047302865	-1.340444047309993	7.128075907303355e-12	4.2215070724487305	
0	2306	15169	6.829998894516649	6.829998894539164	-1.4432004080897292	-1.44320040810108	1.13509202037676e-11	3.967238664627075	
0	1692	9646	7.4290245315286265	7.429024531557923	-0.6361914032870124	-0.6361914032974085	1.0396128402589966e-11	5.6361799240112305	
0	192	9520	7.232607344180089	7.2326073441900505	-1.1046628568455858	-1.104662856849862	4.276135001646253e-12	4.6591901779174805	
0	2067	17673	7.4492037676963	7.449203767702312	-0.9298596210943182	-0.9298596210966825	2.3643309532417334e-12	5.085024356842041	
0	17	12552	7.057103754530634	7.057103754513752	-0.5473909583765741	-0.5473909583704799	6.094236226772409e-12	5.540652275085449	
0	412	13934	10.955772183586928	10.95577218357726	0.3841339950919238	0.38413399509335	1.426192497433476e-12	13.560248374938965	
0	1990	9203	5.935729524831917	5.935729524826634	-0.3129659285015616	-0.3129659284995028	2.0587975768648903e-12	5.132569789886475	
0	488	4980	28.221046490625163	28.2210464909249	0.7466697390846913	0.7466697390713797	1.3311574065255627e-11	45.033695220947266	
0	1515	3445	7.721282329853253	7.721282329855257	-0.3940973808623651	-0.39409738086298685	6.217248937900877e-13	6.450265884399414	
0	1759	19391	7.222492348234629	7.222492348216789	-0.8465854825404704	-0.8465854825334391	7.031264459556041e-12	5.074495315551758	
0	2493	12654	8.934101238838142	8.93410123887881	0.06605591343490835	0.06605591342610517	8.803180406857791e-12	9.23925495147705	
0	430	3943	7.679061449417457	7.679061449415872	-0.6486729096872508	-0.6486729096867045	5.46229728115577e-13	5.798421859741211	
0	489	6516	6.497550481796827	6.497550481776897	-2.2158525207412696	-2.2158525207283386	1.2930989612414123e-11	3.08243727684021	
0	266	12357	36.261492495435775	36.26149249662741	0.8224964151187839	0.8224964150800884	3.869549125568028e-11	61.590457916259766	
0	1464	16236	6.9117027572877365	6.911702757300302	-0.5661403535903249	-0.56614035359499	4.665157149474908e-12	5.386847019195557	
0	1456	9064	14.811742356812914	14.811742356810205	0.5574881941685874	0.5574881941688512	2.637889906509372e-13	20.536043167114258	
0	324	14162	8.903926785269539	8.903926785226139	0.06898182046256784	0.0689818204719801	9.412248758167152e-12	9.222002029418945	
0	9504	31244	10.085313494702994	8.927600684419609	0.8581494884213681	0.9892247361444582	0.1310752477230901	17.664857864379883	
0	5957	41832	8.12944112893572	7.588225185901611	1.6824329214035068	1.7035748871540712	0.021141965750564484	51.19826126098633	
0	5073	30208	8.973025552596122	8.638128883885678	0.7209019767518106	0.7686412442295452	0.047739267477734604	14.03023910522461	
0	14654	35191	10.76385957917117	12.124113969573145	1.0739456985924576	0.9569180265037402	0.11702767208871734	23.246713638305664	
0	17699	20242	9.408968577550489	8.538003349709978	1.9581752935203114	1.9620469043890478	0.0038716108687364414	449.9239501953125	
0	8010	27150	9.423902168037753	9.754525917624843	1.0059246450051007	0.9710489729766669	0.03487567202843378	18.96013641357422	
0	7276	40509	9.866947267168468	9.820660531243359	1.5695637004226362	1.5715829157677321	0.0020192153450959704	45.84626007080078	
0	6651	27292	7.781439931309989	7.5043384385268705	1.1619646809822557	1.1918075943703568	0.029842913388101078	18.5706729888916	
0	19285	43022	9.245591196648496	8.837687094056266	0.6986767865645005	0.756089564857279	0.057412778292778466	14.20952320098877	
0	12068	24373	9.230881019426626	8.635313210426713	1.4266492909632207	1.463641342409984	0.03699205144676321	32.199771881103516	
0	9081	22880	9.474537984572464	10.051117099079782	1.9613825605394135	1.9590324713757012	0.0023500891637122656	490.68701171875	
0	15714	24231	10.249915549172698	9.807565305102484	1.9244610621231892	1.9277210565540028	0.0032599944308135953	271.3809814453125	
0	18519	27737	11.073618778472307	11.00641034431134	1.926340137861312	1.926787197137407	0.0004470592760950076	300.66900634765625	
0	10054	41244	9.53754392626961	8.543067715100097	0.9459631554378747	1.0558671910802244	0.10990403564234974	18.0971736907959	
0	10347	24435	9.987038060524807	10.718461194130432	0.4757702867093936	0.3641399047609708	0.11163038194842279	13.104373931884766	
0	17415	20247	11.943622896763571	13.007614796260695	1.414062178605176	1.3618641896899346	0.0521979889152413	40.76754379272461	
0	33598	47424	10.32944966193688	11.054843095468897	1.5600904394714006	1.5291974570764832	0.030892982394917334	46.96169662475586	
0	42738	55896	9.463685354054228	10.640978131953094	1.1206331851345341	1.0112389944431106	0.10939419069142353	21.523862838745117	
0	19583	60204	9.764269704871705	11.357782641619629	1.2600672557761572	1.139311435230172	0.1207558205459851	26.392316818237305	
0	27453	51289	8.201174258399103	9.196800562608445	1.6202553862200544	1.574154216503544	0.04610116971651035	43.1931037902832	
0	29309	56686	10.347655481008236	9.679856077517316	1.99048651738023	1.9911004823532874	0.0006139649730574348	2175.366455078125	
0	41283	46320	10.411068020164398	11.23548396418324	1.9744507660216	1.9724276118352604	0.002023154186339582	814.9808349609375	
0	38124	56380	9.016803850967612	8.982944584068232	1.7002182470697917	1.7013439663991456	0.0011257193293539025	60.15578842163086	
0	21590	61818	16.69519009398281	16.695190094309076	0.6190052624168871	0.619005262389899	2.6988189461008005e-11	24.178499221801758	
0	29854	46426	11.18917231159312	12.032042876367658	1.4001008730947704	1.3549109965050183	0.04518987658975204	37.30351257324219	
0	25007	55819	9.41404359281259	9.252921543202067	0.14683987117929287	0.17855684330379584	0.03171697212450297	10.159989356994629	
0	48895	65104	9.604353132184944	9.464138017265071	-0.2277735314085323	-0.19524999573436697	0.03252353567416533	8.6223783493042	
0	56532	63981	11.528812372936471	13.247970889420305	0.6186206653034108	0.41263153381982387	0.20598913148358688	16.691740036010742	
0	61501	64471	7.970224796791772	7.644927140471359	-2.1621875432840287	-1.9923115501324538	0.16987599315157498	3.829824924468994	
0	54522	66083	10.199782006146467	10.76069461374869	1.8283954735945145	1.8189584932429304	0.009436980351584134	118.87544250488281	
0	61641	63150	9.48652394020371	10.003227301618406	0.15635843574724717	0.05594064315031133	0.10041779259693584	10.291071891784668	
0	54675	65237	9.826506860219272	9.179084252689798	-0.40618286024767736	-0.24765071818193451	0.15853214206574284	8.16771411895752	
0	56420	63290	10.100507894750633	9.8751052299878	1.5241017771387306	1.5347219091862068	0.010620132047476138	42.448184967041016	
0	48159	64977	9.599143777413284	9.096179574492401	-2.2718515986957133	-2.0480203399755457	0.22383125872016763	4.494137287139893	
0	54777	64905	10.793764144764474	11.254876153810445	1.4138423339564012	1.3888015478708389	0.025040786085562372	36.82887649536133	
0	53578	65295	9.834154682459992	9.387342114160358	-0.037922555373957056	0.05466998972668757	0.09259254510064463	9.651156425476074	
0	64413	67266	9.118521591797558	9.037879150973321	-0.38825092796346716	-0.367129698804459	0.02112122915900816	7.636150360107422	
0	63690	67948	9.353236329537497	9.181148490780737	0.45911654201344354	0.48746686854411725	0.02835032653067371	12.140095710754395	
0	63893	67397	8.712574383397483	8.59932234812298	-0.30123482454592665	-0.27132179126141054	0.02991303328451611	7.572086334228516	
0	67439	68703	10.280042896932805	9.709916594745746	1.6631884344944095	1.6818678441331407	0.01867940963873127	61.04328918457031	
0	68006	68636	10.720345661581037	10.803148981345194	1.0061559998502307	0.998479607209739	0.0076763926404916916	21.573497772216797	
0	67235	68509	10.259691788984284	10.286023866848126	0.9884630612816667	0.9858668946540217	0.002596166627645058	20.28535270690918	
0	67060	68556	10.838764142619976	9.89554916091485	-0.31376497885482113	-0.11241565862937142	0.2013493202254497	9.368941307067871	
0	67963	68643	11.014813942333591	10.59179919261308	0.08958641735244322	0.16295425885727322	0.07336784150483	11.531339645385742	
0	66829	68637	10.69055044628318	11.324397599729927	1.7979614601213316	1.7859825116067436	0.011978948514588028	105.82684326171875	
0	67820	68598	9.000360701462277	8.792783379833987	-1.1727761374168644	-1.0996016953498762	0.0731744420669882	5.673492431640625	
0	68133	68666	9.312113530028885	9.03442105585823	-1.03818887049996	-0.9475883659285489	0.09060050457141111	6.130042552947998	
0	67934	68483	11.294737395488749	10.73790134878843	-0.24301520376514318	-0.13243346334750816	0.11058174041763502	10.071030616760254	
0	68558	68847	10.330007917304101	9.907089064809513	-1.455033689564314	-1.31358182476245	0.1414518648018639	5.9796857833862305	
0	68696	69076	12.342546410581235	11.397313155941998	-0.4697500737602067	-0.2806083988814718	0.1891416748787349	9.994976043701172	
0	68591	68932	10.934626514297186	10.393610834355865	-1.0959302400607442	-0.9427520037773793	0.1531782362833649	7.063871383666992	
0	68508	69023	12.10954702759182	11.537267170164776	-0.47091360273414873	-0.35414176303896516	0.11677183969518357	9.801675796508789	
0	68734	69185	11.400574901191497	11.851259351668439	1.6265879757797657	1.6118263524058785	0.0147616233738872	61.06163787841797	
0	68615	69081	12.545757977218216	10.819113107533513	-0.7486199039384784	-0.3703334373521887	0.3782864665862897	9.128768920898438	
0	68514	68845	12.08253032640654	12.195316020336003	1.8086007039034024	1.8068140663494552	0.0017866375539472568	126.25469970703125	
0	68545	68895	12.371769010218859	12.441538780378986	1.692819439810128	1.6910871154299683	0.0017323243801596888	80.55046844482422	
0	68709	69142	12.226886078528635	12.417657639681309	1.4607673011059097	1.4523538536318843	0.008413447474025393	45.34920120239258	
0	69360	69383	11.91493566324933	11.914935663262868	-0.5595558592202665	-0.5595558592231744	2.90789614609821e-12	9.310158729553223	
0	69254	69382	58.9831402835	58.98314028884916	0.8925699036566483	0.8925699035562158	1.0043255116443106e-10	106.52255249023438	
0	69341	69376	15.047495780368088	15.047495780377293	0.08036287697868838	0.08036287697751399	1.1743939154484906e-12	15.677437782287598	
0	69261	69380	11.127132445938193	11.127132445956866	-0.7227855850922911	-0.7227855850968603	4.569233880147294e-12	8.173344612121582	
0	69350	69377	12.048043886352431	12.04804388635948	-0.3852932879929467	-0.38529328799434204	1.3953282973488967e-12	10.10193920135498	
0	69363	69381	18.39979313590237	18.399793135898708	0.26580097865884333	0.2658009786591886	3.452793606584237e-13	21.219932556152344	
0	69312	69379	32.501407291765666	32.50140729066176	0.6786587139914089	0.6786587140362881	4.487921145823748e-11	49.1945686340332	
0	69316	69380	142.04084161572123	142.04084160962262	0.9478485907273271	0.947848590772502	4.517497487199762e-11	270.0007629394531	
0	69254	69380	11.587663203846972	11.587663203860918	-0.5483056377392872	-0.5483056377423541	3.0668800832245324e-12	9.094406127929688	
0	69333	69380	49.246152426908836	49.246152431155814	0.8331869529099738	0.8331869528093481	1.0062572997071584e-10	84.41138458251953	
0	69369	69385	582.3865737594298	582.3865740848435	0.9871950675759547	0.9871950670100409	5.659137602975761e-10	1150.046875	
0	69346	69376	16.52350848712711	16.52350848713389	0.2260886088385381	0.22608860883781023	7.278622149442526e-13	18.62946319580078	
0	69312	69377	11.557062307524717	11.557062307532576	-0.5344501459533437	-0.5344501459550672	1.723510223428093e-12	9.119976043701172	
0	69337	69383	38.718520235742055	38.71852023891594	0.7692255364353784	0.7692255363344875	1.0089085122899633e-10	62.917327880859375	
0	69369	69384	86.88257912916893	86.88257912556625	0.9139043710571915	0.9139043711022277	4.5036196993919475e-11	159.99066162109375	
0	2118	16659	9.731245588967688	9.731245588945761	-1.1058385115027551	-1.1058385114957567	6.998401858027137e-12	6.266420841217041	
0	601	14748	7.669690276226322	7.669690276208388	-2.345260465208	-2.345260465197839	1.0160761121369433e-11	3.5301406383514404	
0	1738	12725	6.247868023021628	6.24786802305559	-2.7679155258450816	-2.7679155258709986	2.5917046286849654e-11	2.6207964420318604	
0	1559	15755	10.260285768424376	10.260285768352874	-3.6641129390660465	-3.664112939026574	3.9472425328312966e-11	3.6229100227355957	
0	2313	9028	6.318673096498249	6.318673096528937	-1.7582575998221999	-1.7582575998404528	1.8252954703257274e-11	3.3625545501708984	
0	1075	14601	7.39029433769842	7.390294337698854	-2.156067083739984	-2.1560670837402283	2.4424906541753444e-13	3.5563883781433105	
0	2297	14140	32.44529128465828	32.44529128521528	0.7619825367845461	0.7619825367632924	2.1253665494214147e-11	52.4149169921875	
0	579	18577	11.3745936723699	11.374593672473207	-0.5726764103786324	-0.5726764104019986	2.3366197865470895e-11	8.842615127563477	
0	1694	15791	6.841442850357968	6.841442850366887	-1.7222238907678733	-1.7222238907727259	4.852562796031634e-12	3.675997495651245	
0	2386	11609	12.629708149936768	12.629708149903193	-0.015006464721068369	-0.015006464715711765	5.356604049211455e-12	12.535650253295898	
0	1978	15597	6.575831421773254	6.57583142177012	-1.391885144072749	-1.3918851440711326	1.616484723854228e-12	3.8773903846740723	
0	2575	13703	137.9329605563611	137.93296057551427	0.9394208938496091	0.9394208937023387	1.4727041808271224e-10	260.1087646484375	
0	812	12486	10.350116801130158	10.350116801168943	-0.2622410109429718	-0.262241010951449	8.477218926827845e-12	9.150321960449219	
0	123	18461	17.930416941301985	17.93041694145968	0.6231547075002606	0.6231547074881514	1.2109202529586582e-11	26.045652389526367	
0	827	17613	7.342037113768054	7.342037113784928	-2.835606517286174	-2.835606517297288	1.1113776565707667e-11	3.036656141281128	
0	1325	13382	8.531054400643152	8.531054400664264	-1.46100969215184	-1.4610096921604052	8.565148590378158e-12	4.929806709289551	
0	1345	12624	7.315027645985792	7.315027646014845	-0.7254268996224016	-0.7254268996332258	1.0824230400885426e-11	5.367986679077148	
0	2021	3570	9.06021283715385	9.060212837136373	-0.8092525175022143	-0.809252517496795	5.419220627800314e-12	6.450265884399414	
0	1890	9937	6.653195852235557	6.653195852235143	-1.6384600569436634	-1.6384600569434369	2.2648549702353193e-13	3.657149314880371	
0	1316	13634	9.517235594274835	9.517235594254826	-0.5032362213988497	-0.5032362213935868	5.262901225933092e-12	7.603945255279541	
0	654	15783	15.949289897952795	15.94928989805441	0.49710879263382535	0.49710879262425034	9.5750074535772e-12	21.224809646606445	
0	2162	6169	6.6551173695976225	6.655117369575315	-1.8901883340659706	-1.8901883340529313	1.3039347379617539e-11	3.4214885234832764	
0	653	17574	10.710478274958863	10.710478274993932	-0.3637619035542805	-0.3637619035620201	7.739586749266891e-12	9.062231063842773	
0	641	16032	10.771643750589236	10.7716437505621	-0.04283136135006904	-0.04283136134492249	5.146549852952376e-12	10.545798301696777	
0	1788	10942	12.663345180968344	12.663345180893753	-0.1282628456255086	-0.1282628456129724	1.2536194304857418e-11	11.90017032623291	
0	11190	35084	9.478699051197179	9.43988292551117	1.8836786940360684	1.8841550402527665	0.00047634621669812027	162.97442626953125	
0	9944	32358	9.506692767031577	9.541437233314047	0.437934226460059	0.4322252861450868	0.005708940314972155	12.17194938659668	
0	15814	23522	10.394574280545301	12.183679118378823	1.3660219733581473	1.2569022418586113	0.10911973149953602	32.79159164428711	
0	10488	41205	9.62445032599233	11.218499402907309	1.4960528696251967	1.412586652773474	0.08346621685172262	38.19626998901367	
0	18878	21191	9.774360074688275	10.54981645119343	0.24512204256530223	0.10589744968324832	0.1392245928820539	11.139646530151367	
0	6204	24382	9.106022057129874	9.222921365855793	0.7345887378520957	0.7183439164722418	0.016244821379853835	14.392193794250488	
0	36416	48521	8.621730171514102	9.108657218302515	1.5468960504059313	1.5213062251997385	0.025589825206192796	38.05630111694336	
0	35101	51306	21.182244179272562	21.18224417935832	0.7083980627520317	0.7083980627468025	5.229150445984487e-12	32.799957275390625	
0	23987	59108	10.92431585991585	11.767097794344988	1.7147831384328063	1.6927794155996532	0.022003722833153105	76.60357666015625	
0	34073	57024	9.030875157195963	11.356778864637318	0.9858600731401457	0.7246681316406431	0.26119194149950253	17.809919357299805	
0	38530	50922	9.152893888922115	8.92357413470797	1.1757574600485918	1.1964083163753836	0.020650856326791756	22.209224700927734	
0	33062	55691	15.699639578227169	15.699639578369892	0.5283339626495773	0.5283339626361987	1.3378631535942986e-11	21.335872650146484	
0	21769	53737	8.54746148384699	9.665526316806394	1.0258760681599006	0.8984541765032015	0.12742189165669915	17.549022674560547	
0	40224	47849	11.635257876166225	11.63525787622148	0.41535735059141654	0.4153573505838912	7.525313705514236e-12	14.68502426147461	
0	53842	64015	9.02796884221318	9.454643587938639	-0.3571477107240635	-0.46854988962923416	0.11140217890517068	7.660079002380371	
0	57279	66037	9.620158092431094	11.073041180813549	0.8885074998384099	0.7206444937596173	0.16786300607879268	17.31034278869629	
0	53092	63662	10.258740843801474	10.822794788009913	0.0700891240921857	-0.036022713422873665	0.10611183751505937	10.63131046295166	
0	61070	63596	9.56242921010686	10.50827848125272	0.7701618502695573	0.6485147779628213	0.12164707230673599	15.550711631774902	
0	51558	65869	8.535741215179367	8.877406660910264	0.9381289092787146	0.8956247318002721	0.042504177478442484	16.076793670654297	
0	64992	67853	10.550035299246325	10.093262781977954	-0.22591725311439692	-0.12954432183057474	0.09637293128382218	9.479269981384277	
0	62998	68200	9.3125958643579	9.437962316847596	1.3847084710378452	1.376425397515008	0.008283073522837192	30.27051544189453	
0	65598	66795	8.79718724732708	9.15814686123623	0.5787844815743111	0.5204702283488274	0.05831425322548367	12.379807472229004	
0	64143	67387	9.94802926210163	11.10306439553934	0.7389687826791007	0.5925543198752736	0.14641446280382708	15.777609825134277	
0	67842	68579	9.931929962784192	10.337579348662366	1.4897512370330153	1.4689111688772556	0.020840068155759672	38.92975616455078	
0	67089	68488	11.45191499933272	12.38717809947695	1.1480684707562632	1.0784923236055433	0.06957614715071991	26.88459014892578	
0	67400	68653	9.35386165562575	9.340665168299529	1.4248105028559737	1.4256219838451831	0.0008114809892094677	32.524452209472656	
0	68114	68649	11.143582354526885	11.213320576047247	0.6851818228486117	0.6769534921036127	0.008228330744999068	16.95075798034668	
0	66981	68528	10.58544104822141	10.517983442156144	0.8510201479044086	0.8583422263975495	0.007322078493140927	18.42580795288086	
0	68688	68745	11.531383578225586	12.102522598995911	1.6236619573335451	1.605022273750995	0.018639683582550193	61.28205108642578	
0	68934	69372	11.708231812187018	12.247523340398521	-0.2947999453253902	-0.4005004634997942	0.10570051817440396	10.204141616821289	
0	68737	69279	11.96130946946495	11.025530748370661	-1.0315907672555986	-0.7944178943100582	0.23717287294554046	7.891110897064209	
0	68778	69271	14.452979654117218	16.11577853598458	0.7640084305047783	0.6218090052693961	0.1421994252353822	23.386857986450195	
0	68984	69372	13.450059948200364	12.401637016337787	0.555426946322592	0.6680304233374872	0.11260347701489515	18.621501922607422	
0	69266	69383	15.22254846633337	15.22254846632364	0.3259476266951087	0.3259476266961787	1.0700329511337259e-12	18.186466217041016	
0	69372	69376	22.30844827721038	22.308448277184038	0.6132421356306179	0.6132421356322555	1.6375789613221059e-12	32.17353057861328	
0	69375	69376	14.756730519013688	14.75673051900534	0.2710429596092072	0.2710429596101853	9.78106484694763e-13	17.07009506225586	
0	69348	69377	8.18169963030434	8.18169963030113	-2.1362613216947075	-2.136261321693085	1.6227019727921288e-12	3.9560844898223877	
0	69348	69381	17.40464239506771	17.40464239506241	0.3441233679102387	0.34412336791074294	5.042632977847461e-13	21.021665573120117	
0	69316	69383	14.940400105126853	14.940400105117586	0.30436313648208113	0.30436313648313296	1.0518252935298733e-12	17.622169494628906	
0	69342	69383	9.85823057234153	9.858230572341704	-0.6437261254708933	-0.6437261254709399	4.6629367034256575e-14	7.457830429077148	
0	69335	69379	11.597402655301023	11.597402655304641	-0.6892171077249416	-0.6892171077257805	8.388845174067683e-13	8.625114440917969	
0	69375	69379	27.745250784310777	27.7452507845771	0.6439540023739094	0.643954002360893	1.301647678531026e-11	40.92081069946289	
0	1411	3681	9.79966528872929	9.799665288712175	-0.40002555879031565	-0.4000255587861239	4.191758051774741e-12	8.166300773620605	
0	587	5013	17.4194308399377	17.419430839862503	0.5522695168004947	0.5522695168067444	6.249667450219931e-12	24.06446647644043	
0	2465	11872	10.515914510180036	10.51591451020125	-0.6223637972953693	-0.6223637973006597	5.290434756943796e-12	8.020179748535156	
0	1579	4229	6.892825639956012	6.892825639991656	-2.143638065600837	-2.143638065622265	2.142819255368522e-11	3.326943874359131	
0	142	5159	7.574799137694174	7.574799137685794	-0.7430200322527476	-0.7430200322497131	3.034461570905478e-12	5.522963047027588	
0	254	13119	7.036697795653686	7.036697795624844	-2.429471576382321	-2.4294715763641648	1.815614325550996e-11	3.177217721939087	
0	2081	6656	7.146152568833011	7.146152568819813	-2.5419716480103256	-2.5419716480019376	8.387956995647983e-12	3.1467182636260986	
0	2961	11752	7.338113528810309	7.338113528799819	-0.5364868176356179	-0.5364868176319919	3.6259883984257613e-12	5.786045074462891	
0	175	14119	6.777692733184915	6.77769273317462	-1.3523662496607765	-1.3523662496556845	5.091926880140818e-12	4.043527603149414	
0	222	5695	6.671697345701704	6.671697345676679	-1.7096561135163197	-1.7096561135024055	1.3914203123022162e-11	3.596935749053955	
0	187	15661	9.100367064633339	9.100367064622882	-0.09688127465982532	-0.0968812746574157	2.4096280526464398e-12	8.679906845092773	
0	1992	12788	5.907083969764629	5.907083969791836	-2.5078540820857977	-2.5078540821065607	2.0762946917329828e-11	2.6207964420318604	
0	556	5766	10.953097270181297	10.953097270263113	-0.2570300917258854	-0.2570300917427444	1.6858958673537927e-11	9.705760955810547	
0	1469	9838	10.560512246533156	10.560512246505004	0.15317950259832402	0.1531795026032472	4.923172980397794e-12	11.43642520904541	
0	1170	15401	13.077476384123006	13.077476384228904	0.3882186498359137	0.3882186498228619	1.305178187749334e-11	16.227357864379883	
0	2073	5388	9.174133043361424	9.17413304332557	-0.33898826432101403	-0.3389882643118729	9.141132295553689e-12	7.844531059265137	
0	1379	11857	6.9096252918304115	6.909625291864982	-0.937683965928326	-0.9376839659430236	1.4697576489197672e-11	4.704131126403809	
0	2907	11229	6.146553922577821	6.1465539225670875	-2.411514490488627	-2.411514490480924	7.703171434059186e-12	2.7865958213806152	
0	2067	16393	11.823620583681313	11.823620583687289	0.19501654310994	0.1950165431090276	9.123812816369536e-13	13.10108470916748	
0	1026	14081	172.39522760442603	172.39522761144795	0.9671928165662012	0.9671928165241332	4.2067904715281657e-11	333.8381652832031	
0	1089	5392	14.026909027981324	14.026909028076558	0.3717539720481773	0.37175397203712257	1.1054712700797609e-11	17.22947120666504	
0	677	14498	7.569510423057071	7.569510423078156	-1.4046565888832054	-1.404656588892689	9.483525076348087e-12	4.446563243865967	
0	519	5507	6.617975206965346	6.6179752069496764	-1.5009395814261666	-1.5009395814178776	8.288925101851419e-12	3.7806851863861084	
0	308	11082	7.096674093511458	7.096674093514997	-2.335588288938072	-2.335588288940234	2.161826273550105e-12	3.273684501647949	
0	2174	9247	8.492736908217598	8.492736908193992	-0.46438210814441616	-0.46438210813756653	6.849631972727366e-12	6.892386436462402	
0	1219	11569	7.804578523025016	7.804578523026222	-0.8542600455375031	-0.8542600455379437	4.405364961712621e-13	5.468722820281982	
0	2344	15428	7.88089237286038	7.880892372870549	-0.5939378266072679	-0.593937826610615	3.347100374639922e-12	6.076392650604248	
0	1188	13346	8.370218739763619	8.37021873976608	-0.33385061498341484	-0.3338506149841014	6.865619184281968e-13	7.172883033752441	
0	2705	14504	8.350072391902321	8.350072391916388	-0.9794237668491195	-0.9794237668541386	5.019096249725408e-12	5.605159282684326	
0	2420	3674	9.111785058942846	9.111785058918443	-1.216405720804167	-1.2164057207955525	8.614442492671515e-12	5.665818214416504	
0	48	7432	8.98353300695887	8.983533006952925	-0.9579852822623902	-0.9579852822604327	1.957545237019076e-12	6.074089050292969	
0	12609	31651	9.755828011840764	12.228719861302885	1.6747720700745972	1.5923338089496741	0.08243826112492303	59.99378967285156	
0	7735	23033	11.40577286603531	11.585057374829013	0.8898229492673146	0.8723723521396658	0.017450597127648848	20.547664642333984	
0	14020	44491	8.769816239007477	8.798674588598546	-0.2860367431546984	-0.2935592779164362	0.007522534761737809	7.672506809234619	
0	9924	39422	8.407914785444698	8.859456543419936	-0.4937558160539308	-0.627681398540958	0.13392558248702713	6.743174076080322	
0	13288	35130	7.949014656860509	8.192447168364273	0.6986943077526773	0.6588428133760116	0.039851494376665686	12.2169828414917	
0	11208	36292	11.448778846215045	12.844571499213068	1.822121857462116	1.8004356140803257	0.02168624338179037	128.72608947753906	
0	18395	41011	11.242186399993686	11.706909657824422	0.6585313931566077	0.6030785088982336	0.055452884258374135	16.76101303100586	
0	9944	34332	10.843392973327559	11.554950341463108	1.592266207140898	1.5655101921868706	0.026756014954027352	53.18859100341797	
0	39120	51655	10.31603275970943	10.52931523595419	0.29374789794501277	0.2584713840078501	0.03527651393716269	12.09203815460205	
0	36878	57630	10.716156271451442	11.17801424811604	1.1871457664245642	1.1521123829862732	0.03503338343829099	26.366735458374023	
0	29892	52073	11.20886439125746	10.694579240496093	1.2459424688996723	1.280540138880152	0.03459766998047975	29.729467391967773	
0	36443	48244	9.479642381345275	9.327470648481516	-0.17038330792404865	-0.13554328172271113	0.034840026201337526	8.735454559326172	
0	37940	46599	8.52483362240376	9.275765340904266	0.8701043002141817	0.7705745548668173	0.09952974534736447	15.089593887329102	
0	26990	45480	9.042513144294517	9.588274468251138	-0.0034676501255512804	-0.12438703832977893	0.12091938820422765	9.026862144470215	
0	22095	62309	10.416740448825816	11.49177369508665	0.7696675295376847	0.642694191169606	0.12697333836807867	16.933212280273438	
0	57309	64670	9.573399259985854	9.789559333996486	0.15348990907392457	0.11179711562862638	0.04169279344529819	10.369181632995605	
0	53743	64574	9.877673850936803	11.981108384223152	1.131952193854199	0.9471028295661319	0.1848493642880671	22.758363723754883	
0	58153	63936	9.789949203554222	9.996769725802633	1.424695301022469	1.4125415282274785	0.012153772794990525	34.03396224975586	
0	56512	65402	9.60737698622166	10.693264774434398	0.6230071912071002	0.4673705717979333	0.15563661940916695	13.954142570495605	
0	45056	64244	9.869280936563213	9.570831257553083	0.05027550598213315	0.10923569296414981	0.05896018698201666	10.123769760131836	
0	51965	65968	10.145123223890916	10.868159947434172	1.296094149451006	1.2459272102594408	0.05016693919156534	28.825227737426758	
0	56451	65592	9.55610954191771	9.851557087328128	1.8878055702018006	1.8843368396742572	0.0034687305275433733	170.34909057617188	
0	45050	64236	9.633277140383651	9.37351552759732	-0.2560234586313106	-0.19518971705429555	0.060833741577015044	8.540050506591797	
0	46804	65118	10.14388570384931	10.436678719486617	0.41031044086897817	0.36442565731227017	0.045884783556708	12.762096405029297	
0	49372	62988	10.15980694917457	10.714332869008075	1.3055148205683498	1.267609569527496	0.03790525104085374	29.258527755737305	
0	63543	67691	9.914474941071612	11.146532557204454	1.9040267069210175	1.8921002431005816	0.01192646382043594	206.60903930664062	
0	63166	68180	9.787435395177823	9.949192341404839	1.660138902163072	1.6545220177487392	0.0056168844143327235	57.5966796875	
0	63639	67050	9.55198430840254	9.462834646125755	-0.02151282302032298	-0.002645833749630455	0.018866989270692525	9.450332641601562	
0	64187	66890	9.183384388142734	8.92216774433275	1.7474376121726174	1.7546216193438828	0.0071840071712654385	72.72171020507812	
0	64889	66274	9.483179864852087	10.022867605238172	1.0378913205531421	0.9831377182154928	0.054753602337649365	19.71332359313965	
0	66564	68561	10.442545476946314	10.602262433237524	0.8151717273414865	0.7970499805073872	0.018121746834099284	17.627103805541992	
0	68182	68606	10.36423569581077	9.112165686949798	-1.0438456873287398	-0.676128471263731	0.36771721606500885	6.809961318969727	
0	67996	68626	10.122265710991675	9.839424478646235	-0.1912369206204163	-0.13000832134386275	0.06122859927655355	9.238860130310059	
0	66935	68659	10.401000028519487	10.29161514166761	1.8765792216619288	1.8778772091474265	0.001297987485497698	168.5453643798828	
0	67455	68623	10.14334433555718	11.287330479710375	1.668709484292668	1.6313458942260257	0.03736359006664225	61.23534393310547	
0	67695	68489	10.631212749880314	11.191721932815437	1.8612324794608064	1.853916242697862	0.007316236762944461	153.22335815429688	
0	67035	68673	11.175524426501358	10.837830760138981	0.3208440810104969	0.3715835628493076	0.05073948183881072	13.310883522033691	
0	66782	68500	10.376147027880425	10.16823765967468	0.7121407566893017	0.7379459039077436	0.02580514721844196	16.11379051208496	
0	68506	69029	12.113872044974986	12.179535324228102	0.48953701649092896	0.48134954742080693	0.008187469070122022	16.039945602416992	
0	68718	69079	11.822981392101717	12.310511753220716	0.06334501028651496	-0.016514550951455043	0.07985956123797	12.20969295501709	
0	68673	69232	11.406097095108274	11.392946471806333	0.2709322409510131	0.2729257641143865	0.001993523163373423	13.19334888458252	
0	68663	69044	10.975141330812807	11.204459089303246	1.0705456292521565	1.0511253423971123	0.019420286855044155	23.616310119628906	
0	68500	69050	10.387816599833794	10.332850793391948	-0.8432401075225124	-0.8281954651844607	0.015044642338051695	7.307027339935303	
0	69132	69316	11.71631300503175	11.028557052584473	-0.8379874201119684	-0.6713955289330413	0.16659189117892703	8.256775856018066	
0	68764	69301	12.666497540887926	12.376492224631917	1.500569517679151	1.5120042094324007	0.011434691753249737	50.7237663269043	
0	69107	69318	13.828994758156508	13.171276847572264	1.0503109345046049	1.095478896369217	0.04516796186461214	29.123205184936523	
0	69107	69255	12.43414257819872	12.458917686815136	-0.23836745665804004	-0.2428274181321335	0.0044599614740934435	11.110010147094727	
0	69206	69302	11.503766372105353	11.318459499634983	-0.6139314118094683	-0.5718252494356384	0.042106162373829914	8.801888465881348	
0	69316	69384	11.288219042820334	11.28821904281389	-0.07203947946992084	-0.07203947946873823	1.1826095658307167e-12	10.895756721496582	
0	69316	69378	10.53151264321501	10.531512643210927	-1.2306746852262869	-1.2306746852250345	1.2523315717771766e-12	6.519698619842529	
0	69369	69380	20.058851324128227	20.058851324291535	0.41532317537575825	0.4153231753628568	1.2901457679959094e-11	25.316015243530273	
0	69362	69380	111.0848875824481	111.08488758680373	0.9286211897133285	0.9286211896713199	4.200861880576667e-11	207.3680877685547	
0	69369	69377	10.200844795646255	10.200844795639863	-1.14948493038509	-1.1494849303831165	1.9735324485736783e-12	6.477786064147949	
0	69301	69378	18.741432811156876	18.741432811133887	0.36601486652726	0.3660148665292644	2.0043966486582576e-12	22.939538955688477	
0	69316	69376	14.495242264289498	14.495242264274292	0.31044672854103794	0.3104467285428103	1.7723600365116e-12	17.158668518066406	
0	69320	69378	12.369828845387104	12.36982884537462	-0.4263293955570897	-0.426329395554641	2.4487079031132453e-12	10.196331024169922	
0	69365	69385	10.989913105840566	10.989913105830674	-0.8075794840367663	-0.807579484034239	2.5273116932567063e-12	7.8287458419799805	
0	69339	69385	13.53816997992223	13.538169979915146	-0.09483916133343095	-0.09483916133233494	1.0960121699099545e-12	12.925259590148926	
0	69356	69378	15.558358813654076	15.558358813636339	0.12248937461821852	0.12248937462035903	2.140509991477302e-12	16.57339096069336	
0	69348	69380	119.90013416410903	119.90013416883498	0.9342143077780847	0.9342143077360758	4.20088408503716e-11	224.9985809326172	
0	69274	69379	13.437096190951854	13.437096190936899	-0.1818665291236954	-0.1818665291212671	2.4282797994601424e-12	12.317065238952637	
0	69274	69376	19.466175224610755	19.466175224784543	0.5634102332288455	0.56341023321602	1.2825518425074733e-11	27.100534439086914	
0	1953	17120	9.45453347482092	9.45453347479971	-1.0626326121429726	-1.062632612136102	6.870504165590319e-12	6.174121856689453	
0	59	10253	9.845640224493604	9.845640224450019	-0.6062823497329108	-0.6062823497213734	1.1537437671904627e-11	7.555313587188721	
0	596	14490	6.926714906827799	6.926714906853272	-1.1155147223440807	-1.1155147223555382	1.1457501614131615e-11	4.44659423828125	
0	235	5941	10.69036953584905	10.690369535919213	0.09404025870777133	0.09404025869526178	1.2509548952266414e-11	11.217833518981934	
0	3045	12018	9.287070274318193	9.287070274359136	-0.3159257187507367	-0.31592571876094677	1.021005502366279e-11	8.020179748535156	
0	1768	15284	47.461073402575714	47.46107340509077	0.8887436919669494	0.8887436919080616	5.888778353835278e-11	85.41876983642578	
0	1631	5535	14.527997684946074	14.52799768502977	0.3135875140119133	0.31358751400219775	9.715561688494745e-12	17.22947120666504	
0	3045	8178	7.0600849390098706	7.060084939028022	-1.9594341133222586	-1.9594341133324384	1.0179856957392985e-11	3.566209077835083	
0	465	4472	7.40042660462022	7.400426604635515	-3.0081171341014805	-3.0081171341118313	1.035083130318526e-11	2.9553728103637695	
0	2579	3721	8.28490936821355	8.284909368164232	-2.916210271360958	-2.9162102713316935	2.9264590750699426e-11	3.370445489883423	
0	2039	17147	7.955860290756632	7.955860290760495	-0.577163352270647	-0.5771633522718989	1.2518874825673265e-12	6.174121856689453	
0	1857	14288	47.52007844921283	47.52007844807906	0.9087130836312485	0.9087130836572852	2.6036728328904246e-11	87.08998107910156	
0	1026	5889	7.944971709445092	7.944971709443931	-1.3678905393811704	-1.3678905393806784	4.920508445138694e-13	4.718070030212402	
0	3009	9200	6.4071291405754565	6.40712914057428	-1.8108700067035763	-1.8108700067028765	6.998845947236987e-13	3.3625545501708984	
0	528	9352	8.79120352878206	8.791203528684683	-3.301872080434806	-3.3018720803760795	5.872635711057228e-11	3.3162639141082764	
0	1169	11304	7.791683056392676	7.7916830563728245	-1.1718811286030038	-1.1718811285949227	8.08109135164159e-12	4.912972927093506	
0	1266	16953	925.9437254625602	925.943724374945	0.9955713051032162	0.99557130628302	1.179803810202884e-09	1843.72216796875	
0	1457	9576	9.21746013040796	9.217460130469929	-0.9714105784719265	-0.9714105784919029	1.9976464926685367e-11	6.204097270965576	
0	3028	18426	9.68882940761572	9.688829407630012	-0.4991284846508881	-0.4991284846545745	3.68638453096537e-12	7.7537665367126465	
0	56	18444	10.539027783978124	10.539027783989294	-1.7721763467491463	-1.772176346753144	3.997691067070264e-12	5.587770462036133	
0	2969	7148	6.267030909444745	6.26703090945782	-0.42076474325260094	-0.42076474325765156	5.050626583624762e-12	5.177728176116943	
0	362	13141	8.47870506567309	8.478705065636914	-3.337188576739056	-3.337188576716284	2.277200650269151e-11	3.177217721939087	
0	1512	19060	9.762475687143777	9.762475687157226	-2.4870722002381562	-2.487072200244337	6.1808336226931715e-12	4.351378917694092	
0	1256	14644	17.349269112395326	17.349269112394623	0.6732947951913542	0.6732947951914079	5.3734794391857577e-14	26.15391731262207	
0	501	14970	8.287103170489528	8.287103170444686	0.14219572384602275	0.1421957238560756	1.0052847443375867e-11	8.921395301818848	
0	2191	16423	10.72129470551955	10.72129470556433	0.36329663634380926	0.3632966363369732	6.836087251826939e-12	13.10108470916748	
0	824	18124	11.040870953484976	11.040870953461665	-2.5031119269111066	-2.5031119269015996	9.50706180447014e-12	4.90366268157959	
0	3275	40019	9.639211909158064	10.198842288585372	1.3295405146173	1.2906151854792531	0.038925329138046916	28.754047393798828	
0	16507	36224	10.3060793028728	12.238285454968262	1.639948380283938	1.5724451199031075	0.06750326038083054	57.24778747558594	
0	11110	43457	10.2241642911736	12.306893056753779	0.6720282807060223	0.4015118041624852	0.27051647654353705	15.398165702819824	
0	13713	39546	9.311346775362878	11.429501321479982	1.8894997766793131	1.8643630745437032	0.025136702135609923	168.53082275390625	
0	3216	37418	8.615400389928386	7.562972305835445	-2.713706449767839	-2.1378960610011086	0.5758103887667305	3.6554675102233887	
0	4634	30832	9.400467616541594	9.055687810374694	1.291106080566465	1.3171060965342989	0.026000015967833967	26.521507263183594	
0	15475	41885	8.09938127052303	8.120036096667514	1.546967716653109	1.5458124058043134	0.0011553108487956099	35.756309509277344	
0	21456	57959	31.42912985818212	31.429129856992635	0.8059462388210628	0.8059462388662537	4.519096208355222e-11	52.642738342285156	
0	57602	65421	10.131811041663068	11.06478124014497	1.6427217735106434	1.6098224294042098	0.03289934410643358	56.716644287109375	
0	56142	63544	9.624698821822093	10.249051497731607	0.43312773255546433	0.33148497873034244	0.10164275382512189	12.285237312316895	
0	46914	65563	9.491482589187909	9.865315755656109	1.6874639977450303	1.6751544009817827	0.01230959676324761	60.73849105834961	
0	46278	65628	9.508432907961577	9.361952718772473	0.6472033990488093	0.6680436262407987	0.020840227191989413	14.057446479797363	
0	61623	65467	9.659607975040721	10.472482220363355	1.8516732961253084	1.8391913240012974	0.012481972124011032	130.2477264404297	
0	65033	68437	10.23384431830889	10.32273826810569	1.8859888726215561	1.8849985410200363	0.000990331601519845	179.5236053466797	
0	65247	68090	10.096794179543839	10.621306252748184	1.126003659550595	1.080600967928843	0.04540269162175181	23.104888916015625	
0	63254	67672	9.714846777177161	9.963061654250849	0.14476952041397761	0.09736827817147176	0.04740124224250586	10.47292709350586	
0	65093	67019	9.832905264787456	9.806113993834746	1.5375872058787357	1.5388471210437549	0.0012599151650192209	42.528690338134766	
0	64618	66345	9.840810145964856	9.685328527243534	1.399044924728579	1.4085398206259772	0.009494895897398159	32.75056838989258	
0	63737	66380	10.141257627900101	9.791398398193609	1.9098161375070934	1.9129273548552181	0.003111217348124695	224.90182495117188	
0	66519	68604	9.89813781778069	10.041753770046283	1.6821647615012356	1.677553165736367	0.004611595764868692	62.28470993041992	
0	67876	68615	10.337141930059069	9.569271439040818	-0.2920338250686769	-0.12177543540991476	0.17025838965876217	9.020060539245605	
0	67566	68491	10.450322661911404	11.213898190909124	1.2157834437820245	1.158482957363035	0.05730048641898944	26.65162467956543	
0	67856	68629	9.982600941802003	9.554288765641106	1.6264775119585546	1.6425038191935892	0.01602630723503462	53.45113754272461	
0	67875	68531	9.908775132559324	10.753730858276747	1.1218261140611792	1.0469411718586539	0.07488494220252528	22.5667724609375	
0	67523	68577	10.442860448894487	9.692550121578616	1.0818301730037376	1.1477998665370888	0.06596969353335114	22.747121810913086	
0	66204	68626	10.683249576915367	10.6900438529987	0.9553673080947143	0.9547029481672054	0.0006643599275089063	20.45359992980957	
0	66417	68499	10.003146286405235	10.811267025074999	1.6932710103812467	1.6684914009898484	0.02477960939139834	65.22465515136719	
0	67672	68728	9.88791395561513	9.490257837596591	0.5467586989596771	0.6052028052605551	0.05844410630087804	13.60808277130127	
0	67083	68542	10.370616056313564	9.447831600729963	-0.6331816054353547	-0.39887931895304574	0.234302286482309	7.876871109008789	
0	67689	68626	10.75806984793564	10.782951662932675	0.1853524690011319	0.1811554592410769	0.004197009760054993	11.856925010681152	
0	67688	68679	10.870472799808713	10.19204917471117	0.8282899847151901	0.9014161284231808	0.07312614370799064	18.554885864257812	
0	66219	68572	10.584263454508804	9.853620159638746	1.6331709809071093	1.6584935897325546	0.025322608825445236	57.70679473876953	
0	68592	68978	12.383658274210395	12.153219635440298	1.308878276027733	1.3217388658284288	0.01286058980069571	35.836402893066406	
0	68710	68948	12.231361638364644	11.872416910373984	1.040443826098568	1.068603211784008	0.028159385685440075	25.493789672851562	
0	68583	69176	12.606778574414456	12.319178724716728	0.38731625279825455	0.424106587503307	0.03679033470505244	15.634532928466797	
0	68633	69057	11.884908944269213	11.350875588677097	1.6770115165180848	1.6915245956220377	0.014513079103952942	73.59339141845703	
0	68541	68900	11.482022959350576	11.020670737966968	1.650662723067244	1.6646992329484385	0.014036509881194537	65.73603057861328	
0	68583	68972	12.650907831124634	12.274465501272612	1.8699939440649482	1.873862423959384	0.003868479894435728	194.6202850341797	
0	69359	69379	162.40046017174475	162.40046018272994	0.9479781707470187	0.9479781706758572	7.116152112018881e-11	308.7397155761719	
0	69335	69384	11.301182298793435	11.301182298786015	-0.8274709651336938	-0.827470965131837	1.856736986383112e-12	7.993844985961914	
0	69330	69383	10.586366952539123	10.586366952477167	-1.6964696954436818	-1.6964696954220484	2.163336176863595e-11	5.72782564163208	
0	69277	69380	13.490899133922415	13.490899133921209	-0.33016490104899	-0.3301649010487817	2.0827783941967937e-13	11.579351425170898	
0	69339	69378	25.687050090584457	25.687050090824304	0.5857534039914469	0.5857534039782417	1.3205214699496537e-11	36.32612609863281	
0	69334	69382	8.823946124214125	8.823946124160047	-4.073863451573952	-4.073863451536728	3.722355756963225e-11	2.9055464267730713	
0	69362	69380	111.38526730577551	111.38526730561303	0.9257241217357073	0.9257241217372745	1.567190821560871e-12	207.3680877685547	
0	69316	69383	16.53353887899054	16.533538878975577	0.12355239415557451	0.1235523941572727	1.6981971384666394e-12	17.622169494628906	
0	69339	69383	23.444578231188885	23.44457823139257	0.5088161063689003	0.5088161063559451	1.2955192474350952e-11	31.44424819946289	
0	69370	69380	10.573108005821327	10.57310800576264	-1.6815922419567992	-1.681592241936364	2.043520908046048e-11	5.74376916885376	
0	69302	69381	19.22574091752291	19.225740917674155	0.3675448600268938	0.3675448600140514	1.2842393815049036e-11	23.55438804626465	
0	69263	69385	39.265991827860056	39.265991830232274	0.8246208450774013	0.8246208450063919	7.100942056581516e-11	66.81417083740234	
0	69327	69379	26.436942039784714	26.436942040029745	0.5637045415266935	0.563704541513381	1.3312462243675327e-11	36.812679290771484	
0	69372	69378	22.05018828948393	22.050188289676843	0.4820402861853923	0.48204028617211203	1.3280265775961198e-11	29.05240249633789	
0	69341	69378	20.80639289460252	20.806392894779382	0.43353733318743126	0.4335373331741159	1.3315348823539352e-11	26.56481170654297	
0	69327	69380	14.875513124708386	14.875513124704897	-0.0734475104514738	-0.07344751045098752	4.862776847858186e-13	14.348579406738281	
0	69317	69385	10.894833230379955	10.894833230378767	-0.1634216743588346	-0.16342167435859833	2.362554596402333e-13	10.071853637695312	
0	69365	69381	20.54823256331883	20.548232563487144	0.43139499048962926	0.4313949904767804	1.2848833108591862e-11	26.199371337890625	
